policy,trajectory_id,obs_frac,query_target_N,base_N,shrink,tkpm,mae,rmse,coverage_90,final_abs_error
all_lower_only,15,0.05,77124608,14562560,0.2,10.0,0.21645036320127295,0.22344284545450951,0.9689922480620154,0.33051891573838965
all_lower_only,15,0.1,77124608,14562560,0.2,10.0,0.1827383353376427,0.18910106105754762,0.16521739130434782,0.2849832950943867
all_lower_only,15,0.2,77124608,14562560,0.2,10.0,0.11854817602617083,0.12575318475798633,0.1650485436893204,0.2135303219303175
all_lower_only,15,0.5,77124608,14562560,0.2,10.0,0.0757500958012437,0.08084120761739333,0.59375,0.1377069347378974
all_lower_only,16,0.05,77124608,14562560,0.4,10.0,0.10706067443285354,0.11911111536445519,1.0,0.22052553383804296
all_lower_only,16,0.1,77124608,14562560,0.4,10.0,0.062356508130782494,0.07879447315775436,0.9043478260869565,0.16953272401965336
all_lower_only,16,0.2,77124608,14562560,0.4,10.0,0.07000158690324121,0.08293101959473281,0.7475728155339806,0.16787106794020845
all_lower_only,16,0.5,77124608,14562560,0.4,10.0,0.06560920363225653,0.07268761596035768,0.640625,0.13163674101887546
all_lower_only,17,0.05,77124608,14562560,1.0,10.0,0.14698431040311893,0.16619714536628075,0.3178294573643411,0.29072547444056296
all_lower_only,17,0.1,77124608,14562560,1.0,10.0,0.14434775696025123,0.1602196013532626,0.1565217391304348,0.270977952142903
all_lower_only,17,0.2,77124608,14562560,1.0,10.0,0.1201368356131349,0.1311465285721684,0.0970873786407767,0.22185520442795514
all_lower_only,17,0.5,77124608,14562560,1.0,10.0,0.05543877470961211,0.0608135652620736,0.703125,0.10768040457106798
all_lower_only,18,0.05,77124608,14562560,0.2,20.0,0.19086197344538933,0.19617789584899592,0.9457364341085271,0.29878000568038665
all_lower_only,18,0.1,77124608,14562560,0.2,20.0,0.11229248708555559,0.12090535178338906,0.8173913043478261,0.2163431573801704
all_lower_only,18,0.2,77124608,14562560,0.2,20.0,0.0805251619344267,0.08923113057884273,0.49514563106796117,0.1733879153972384
all_lower_only,18,0.5,77124608,14562560,0.2,20.0,0.06984297916097715,0.07594592676340882,0.625,0.1346976954855168
all_lower_only,19,0.05,77124608,14562560,0.4,20.0,0.06800960711474924,0.08578219328775147,1.0,0.18853431318156488
all_lower_only,19,0.1,77124608,14562560,0.4,20.0,0.07601755650614775,0.0909732527810483,0.8434782608695652,0.18459318277557557
all_lower_only,19,0.2,77124608,14562560,0.4,20.0,0.071090153690658,0.08262190292498355,0.7475728155339806,0.1670323179009423
all_lower_only,19,0.5,77124608,14562560,0.4,20.0,0.05366251840113187,0.061733959332173835,0.703125,0.12022766365196391
all_lower_only,20,0.05,77124608,14562560,1.0,20.0,0.19028220327244882,0.20758357356884163,0.14728682170542637,0.3327635278190839
all_lower_only,20,0.1,77124608,14562560,1.0,20.0,0.16314004241825386,0.17445759626844257,0.043478260869565216,0.27680376310949617
all_lower_only,20,0.2,77124608,14562560,1.0,20.0,0.11348111104991461,0.12075563874816743,0.04854368932038835,0.2000655455867868
all_lower_only,20,0.5,77124608,14562560,1.0,20.0,0.04145371534482485,0.046950163691583384,0.859375,0.09057627221802145
all_lower_only,21,0.05,77124608,14562560,0.2,30.0,0.1697244020854541,0.175257748811605,1.0,0.2779065236889662
all_lower_only,21,0.1,77124608,14562560,0.2,30.0,0.10081840337621836,0.10861352699703308,0.8695652173913043,0.19913648590565103
all_lower_only,21,0.2,77124608,14562560,0.2,30.0,0.08189276705989407,0.08937566438240603,0.4077669902912621,0.169197357037433
all_lower_only,21,0.5,77124608,14562560,0.2,30.0,0.06682215014757388,0.07172440310602396,0.65625,0.1251724676317303
all_lower_only,22,0.05,77124608,14562560,0.4,30.0,0.0912888214791281,0.10660911408422098,1.0,0.21004451673804558
all_lower_only,22,0.1,77124608,14562560,0.4,30.0,0.10157490273787814,0.11207005620600896,0.3130434782608696,0.20407067861147432
all_lower_only,22,0.2,77124608,14562560,0.4,30.0,0.09072099971418696,0.0990830642537006,0.23300970873786409,0.18150923192332957
all_lower_only,22,0.5,77124608,14562560,0.4,30.0,0.06712682076065835,0.07185882952077689,0.65625,0.12479323236413897
all_lower_only,23,0.05,77124608,14562560,1.0,30.0,0.2059359296842031,0.2178709706874883,0.11627906976744186,0.3297761461039763
all_lower_only,23,0.1,77124608,14562560,1.0,30.0,0.16827249592096052,0.17685146826430984,0.02608695652173913,0.272737353887063
all_lower_only,23,0.2,77124608,14562560,1.0,30.0,0.11120428280156959,0.11707282036946769,0.02912621359223301,0.19250031826140335
all_lower_only,23,0.5,77124608,14562560,1.0,30.0,0.04189793948489287,0.04684801961347367,0.8125,0.08954674641007898
all_lower_only,24,0.05,134561280,14562560,0.2,10.0,0.1750686409228895,0.1857495658479048,0.9224806201550387,0.2540062217320034
all_lower_only,24,0.1,134561280,14562560,0.2,10.0,0.17763619850989049,0.18264861267316496,0.6260869565217392,0.24235161939505012
all_lower_only,24,0.2,134561280,14562560,0.2,10.0,0.1758078989365416,0.17733185878339824,0.13592233009708737,0.2265274840308793
all_lower_only,24,0.5,134561280,14562560,0.2,10.0,0.12951112321462632,0.13044247342235432,0.0,0.16270581048537247
all_lower_only,25,0.05,134561280,14562560,0.4,10.0,0.1282763972130414,0.1328199881909394,1.0,0.1901975183006055
all_lower_only,25,0.1,134561280,14562560,0.4,10.0,0.08261852507193512,0.08818607975022148,1.0,0.15064600527483307
all_lower_only,25,0.2,134561280,14562560,0.4,10.0,0.07761751868291439,0.0820061759936728,0.912621359223301,0.13787533665800478
all_lower_only,25,0.5,134561280,14562560,0.4,10.0,0.086603239341788,0.08913033021921915,0.046875,0.1289670191126877
all_lower_only,26,0.05,134561280,14562560,1.0,10.0,0.060135627005885296,0.0722763715456383,1.0,0.13760700683579552
all_lower_only,26,0.1,134561280,14562560,1.0,10.0,0.10310059789374112,0.11352154204031771,0.8347826086956521,0.18062812968918784
all_lower_only,26,0.2,134561280,14562560,1.0,10.0,0.1057810008387701,0.11391793902037282,0.49514563106796117,0.17882501738098533
all_lower_only,26,0.5,134561280,14562560,1.0,10.0,0.060356645717211485,0.06398569460427928,0.921875,0.10048806127405685
all_lower_only,27,0.05,134561280,14562560,0.2,20.0,0.16138318490308923,0.16516796090578437,0.9147286821705426,0.2303914312956663
all_lower_only,27,0.1,134561280,14562560,0.2,20.0,0.14637465808718117,0.14831832835009248,0.8173913043478261,0.2078259983522024
all_lower_only,27,0.2,134561280,14562560,0.2,20.0,0.12361551933347763,0.1257853489083361,0.39805825242718446,0.181315398933243
all_lower_only,27,0.5,134561280,14562560,0.2,20.0,0.09854778379666049,0.1005407672577292,0.0,0.1407057441454782
all_lower_only,28,0.05,134561280,14562560,0.4,20.0,0.08253380419634984,0.09362662089876511,1.0,0.17573978446459781
all_lower_only,28,0.1,134561280,14562560,0.4,20.0,0.06507348324518797,0.07636452271771615,1.0,0.14772504354417348
all_lower_only,28,0.2,134561280,14562560,0.4,20.0,0.08092293298282201,0.08807357985789173,0.44660194174757284,0.15269850282464903
all_lower_only,28,0.5,134561280,14562560,0.4,20.0,0.08273690003350968,0.08529327424655943,0.0,0.12592919004064962
all_lower_only,29,0.05,134561280,14562560,1.0,20.0,0.0976271554984592,0.10437924075830701,1.0,0.1653273977942562
all_lower_only,29,0.1,134561280,14562560,1.0,20.0,0.12909471312560936,0.13528358783182495,0.1565217391304348,0.1972576489375384
all_lower_only,29,0.2,134561280,14562560,1.0,20.0,0.10768049435326929,0.11314540471083717,0.7281553398058253,0.1731198506596785
all_lower_only,29,0.5,134561280,14562560,1.0,20.0,0.05545116861203862,0.058594213723853754,0.9375,0.09382604081514767
all_lower_only,30,0.05,134561280,14562560,0.2,30.0,0.1626842480585176,0.16443751161784415,0.9302325581395349,0.2256926350289299
all_lower_only,30,0.1,134561280,14562560,0.2,30.0,0.12454204985925588,0.12732730958486646,0.8782608695652174,0.18969267935829626
all_lower_only,30,0.2,134561280,14562560,0.2,30.0,0.10438878903087111,0.10763642918066066,0.7669902912621359,0.16659838553133977
all_lower_only,30,0.5,134561280,14562560,0.2,30.0,0.08480602744767352,0.08702835164630504,0.109375,0.12613618581094288
all_lower_only,31,0.05,134561280,14562560,0.4,30.0,0.07452743826506471,0.08553934936865623,1.0,0.16253579483530345
all_lower_only,31,0.1,134561280,14562560,0.4,30.0,0.07140257618802734,0.08015626279149018,0.9217391304347826,0.14736936336830309
all_lower_only,31,0.2,134561280,14562560,0.4,30.0,0.08527628241781075,0.09082799984596905,0.36893203883495146,0.15144401011409725
all_lower_only,31,0.5,134561280,14562560,0.4,30.0,0.0749770184497801,0.07749660457953914,0.0625,0.11640278991815811
all_lower_only,32,0.05,134561280,14562560,1.0,30.0,0.08930676419073039,0.09362583895935134,1.0,0.14731407305493738
all_lower_only,32,0.1,134561280,14562560,1.0,30.0,0.12164103168688935,0.125072044238731,0.5826086956521739,0.1758753993191462
all_lower_only,32,0.2,134561280,14562560,1.0,30.0,0.09974175559981636,0.1029926239001772,0.8349514563106796,0.15270739158424007
all_lower_only,32,0.5,134561280,14562560,1.0,30.0,0.048221354100316846,0.05086532538800666,0.921875,0.08286232404549221
all_lower_only,33,0.05,287183360,14562560,0.2,10.0,0.1471156708593925,0.1510658089885981,0.689922480620155,0.242670726549314
all_lower_only,33,0.1,287183360,14562560,0.2,10.0,0.11700712721290076,0.1244573800796429,0.5130434782608696,0.22025559347500878
all_lower_only,33,0.2,287183360,14562560,0.2,10.0,0.11048466043501974,0.11800702838580468,0.1941747572815534,0.2090777777892865
all_lower_only,33,0.5,287183360,14562560,0.2,10.0,0.08691123269121166,0.09316710366027718,0.046875,0.1607182965616083
all_lower_only,34,0.05,287183360,14562560,0.4,10.0,0.11340359980474517,0.12617184728596176,0.8217054263565892,0.23514461346977988
all_lower_only,34,0.1,287183360,14562560,0.4,10.0,0.12490631638279867,0.1352576972243432,0.2608695652173913,0.23645753074580234
all_lower_only,34,0.2,287183360,14562560,0.4,10.0,0.12440026273197612,0.13301428988181363,0.07766990291262135,0.22907471419863779
all_lower_only,34,0.5,287183360,14562560,0.4,10.0,0.08893916418002507,0.09488192838456982,0.0,0.16124695344414963
all_lower_only,35,0.05,287183360,14562560,0.6,10.0,0.1123298863586281,0.12630373482635637,0.8294573643410853,0.23477213910806416
all_lower_only,35,0.1,287183360,14562560,0.6,10.0,0.13654999776840365,0.14691287249550852,0.17391304347826086,0.2511175173960494
all_lower_only,35,0.2,287183360,14562560,0.6,10.0,0.11464906294991642,0.12424794682111921,0.17475728155339806,0.22140150204397657
all_lower_only,35,0.5,287183360,14562560,0.6,10.0,0.0721949089637564,0.07909623740246097,0.28125,0.14333716188840073
all_lower_only,36,0.05,287183360,14562560,0.8,10.0,0.1221477830817909,0.13407758325635083,0.689922480620155,0.24098304131219228
all_lower_only,36,0.1,287183360,14562560,0.8,10.0,0.13405809666412252,0.14403045035569975,0.16521739130434782,0.24612636138184296
all_lower_only,36,0.2,287183360,14562560,0.8,10.0,0.10487352845601834,0.11432364138667804,0.2621359223300971,0.20821757430872734
all_lower_only,36,0.5,287183360,14562560,0.8,10.0,0.06031498173993363,0.0682420117453239,0.609375,0.13056574630451223
all_lower_only,37,0.05,287183360,14562560,1.0,10.0,0.14273011753256604,0.15110969175863148,0.26356589147286824,0.24945393949608174
all_lower_only,37,0.1,287183360,14562560,1.0,10.0,0.1496762202529867,0.15666714582800828,0.06086956521739131,0.2501455794469969
all_lower_only,37,0.2,287183360,14562560,1.0,10.0,0.11628008131481463,0.12298640694303666,0.1650485436893204,0.2102258980211893
all_lower_only,37,0.5,287183360,14562560,1.0,10.0,0.059192665270948484,0.0662940865790843,0.671875,0.12582704253492372
all_lower_only,38,0.05,287183360,14562560,0.2,20.0,0.1238903371188923,0.13104596733985943,0.5271317829457365,0.2304098915700039
all_lower_only,38,0.1,287183360,14562560,0.2,20.0,0.10236040992369828,0.111941346038535,0.34782608695652173,0.20745495883435283
all_lower_only,38,0.2,287183360,14562560,0.2,20.0,0.09423288375852304,0.10267411864045294,0.1941747572815534,0.1908370766716012
all_lower_only,38,0.5,287183360,14562560,0.2,20.0,0.0717250489187758,0.07847008075502102,0.171875,0.14336752003886444
all_lower_only,39,0.05,287183360,14562560,0.4,20.0,0.11349861447842809,0.12505849011484418,0.5658914728682171,0.23070592091086706
all_lower_only,39,0.1,287183360,14562560,0.4,20.0,0.11216245049121079,0.12173050114127396,0.20869565217391303,0.21832297671909906
all_lower_only,39,0.2,287183360,14562560,0.4,20.0,0.09889712201775157,0.10773425296787663,0.1553398058252427,0.19784152289562273
all_lower_only,39,0.5,287183360,14562560,0.4,20.0,0.067719919911815,0.0745223855940606,0.234375,0.13781586660408118
all_lower_only,40,0.05,287183360,14562560,0.6,20.0,0.11652009463931598,0.12745120970368154,0.5348837209302325,0.23074409637322923
all_lower_only,40,0.1,287183360,14562560,0.6,20.0,0.114647103522852,0.12437287246460395,0.2,0.22114071291426884
all_lower_only,40,0.2,287183360,14562560,0.6,20.0,0.09163626865565064,0.10120868045654388,0.2621359223300971,0.1907963921274829
all_lower_only,40,0.5,287183360,14562560,0.6,20.0,0.06102265486090121,0.06799893482314903,0.46875,0.12873033536078804
all_lower_only,41,0.05,287183360,14562560,0.8,20.0,0.1278021342459268,0.136808605173493,0.3488372093023256,0.23619149514413973
all_lower_only,41,0.1,287183360,14562560,0.8,20.0,0.11232045490938823,0.12140399019679343,0.23478260869565218,0.21625572703278273
all_lower_only,41,0.2,287183360,14562560,0.8,20.0,0.08504156829693424,0.09437727748324633,0.33980582524271846,0.18137158010615662
all_lower_only,41,0.5,287183360,14562560,0.8,20.0,0.05399143935043714,0.061350651864943415,0.609375,0.12043475793716962
all_lower_only,42,0.05,287183360,14562560,1.0,20.0,0.14057899652717037,0.1455605293701897,0.09302325581395349,0.23004967489976935
all_lower_only,42,0.1,287183360,14562560,1.0,20.0,0.11872749174789837,0.12432637760262531,0.06956521739130435,0.20827570632922465
all_lower_only,42,0.2,287183360,14562560,1.0,20.0,0.08828768046291785,0.0948441127556044,0.3106796116504854,0.1742457669047075
all_lower_only,42,0.5,287183360,14562560,1.0,20.0,0.048302560596642674,0.05519651951903964,0.671875,0.11017940494410094
all_lower_only,43,0.05,287183360,14562560,0.2,30.0,0.14523247860592303,0.14736874628520885,0.5736434108527132,0.21417933518422494
all_lower_only,43,0.1,287183360,14562560,0.2,30.0,0.11846446895050541,0.12242345935821813,0.40869565217391307,0.19323307406746815
all_lower_only,43,0.2,287183360,14562560,0.2,30.0,0.1078447737513156,0.11220317314689233,0.2524271844660194,0.17970322302823205
all_lower_only,43,0.5,287183360,14562560,0.2,30.0,0.08493254686817861,0.088577223702607,0.0,0.1387192195538045
all_lower_only,44,0.05,287183360,14562560,0.4,30.0,0.12114034111805995,0.12697508787886982,0.6434108527131783,0.20748907118018156
all_lower_only,44,0.1,287183360,14562560,0.4,30.0,0.11109990955256772,0.11666674716004796,0.34782608695652173,0.19073002483625623
all_lower_only,44,0.2,287183360,14562560,0.4,30.0,0.10509127886469016,0.1101855631912694,0.14563106796116504,0.17857429925153223
all_lower_only,44,0.5,287183360,14562560,0.4,30.0,0.07884623555226045,0.08270005690237271,0.0,0.13206940879338736
all_lower_only,45,0.05,287183360,14562560,0.6,30.0,0.10547576438603053,0.11230301200616746,0.7286821705426356,0.18968835096245895
all_lower_only,45,0.1,287183360,14562560,0.6,30.0,0.10621318951387065,0.1112458996822901,0.24347826086956523,0.18042358338744946
all_lower_only,45,0.2,287183360,14562560,0.6,30.0,0.09428486512763423,0.09957488242174366,0.17475728155339806,0.16567922394349255
all_lower_only,45,0.5,287183360,14562560,0.6,30.0,0.06724157491492241,0.07142055738475304,0.15625,0.11897273743769832
all_lower_only,46,0.05,287183360,14562560,0.8,30.0,0.11257149761027803,0.11628525096687942,0.7209302325581395,0.1801665441656155
all_lower_only,46,0.1,287183360,14562560,0.8,30.0,0.10854925543714561,0.11234520470808057,0.1826086956521739,0.17391150275711098
all_lower_only,46,0.2,287183360,14562560,0.8,30.0,0.08617573100428126,0.0910627045163713,0.32038834951456313,0.15274177932376043
all_lower_only,46,0.5,287183360,14562560,0.8,30.0,0.055721852834562866,0.06043177816874113,0.609375,0.10539143423601138
all_lower_only,47,0.05,287183360,14562560,1.0,30.0,0.13786807785077881,0.1403313047978843,0.6046511627906976,0.20050517732859152
all_lower_only,47,0.1,287183360,14562560,1.0,30.0,0.128187733688464,0.1307013941215489,0.05217391304347826,0.18895631346948338
all_lower_only,47,0.2,287183360,14562560,1.0,30.0,0.09774750644725991,0.10140035691365479,0.4077669902912621,0.1611869795487244
all_lower_only,47,0.5,287183360,14562560,1.0,30.0,0.05504341863395125,0.05932915092181295,0.65625,0.10265827163823582
all_lower_only,48,0.05,610488320,14562560,0.2,10.0,0.13582049217296077,0.139721022009675,0.8682170542635659,0.20300391348848712
all_lower_only,48,0.1,610488320,14562560,0.2,10.0,0.13623056490331356,0.13831706917625458,0.8,0.19364849476651158
all_lower_only,48,0.2,610488320,14562560,0.2,10.0,0.13117397285914095,0.13298317864641118,0.5145631067961165,0.18285620201042896
all_lower_only,48,0.5,610488320,14562560,0.2,10.0,0.11813101026345585,0.11949357855517675,0.0,0.15488778704905082
all_lower_only,49,0.05,610488320,14562560,0.4,10.0,0.07583681737709844,0.08877404245037299,0.9457364341085271,0.16401661833062775
all_lower_only,49,0.1,610488320,14562560,0.4,10.0,0.08427978882823874,0.09292574287168819,0.8608695652173913,0.16011197878230332
all_lower_only,49,0.2,610488320,14562560,0.4,10.0,0.11565702587087937,0.11944181124584977,0.4077669902912621,0.17514857681001383
all_lower_only,49,0.5,610488320,14562560,0.4,10.0,0.11496513409482395,0.11661974444117405,0.0,0.15277422269764873
all_lower_only,50,0.05,610488320,14562560,1.0,10.0,0.08030562440719426,0.09227529419626306,1.0,0.15559757391134243
all_lower_only,50,0.1,610488320,14562560,1.0,10.0,0.16523219367076938,0.17394740697713468,0.8260869565217391,0.2382957826324814
all_lower_only,50,0.2,610488320,14562560,1.0,10.0,0.1467204023758082,0.15380585660363777,0.7572815533980582,0.22093563022040485
all_lower_only,50,0.5,610488320,14562560,1.0,10.0,0.06859353292952429,0.07142414340718517,0.75,0.10608994540323935
all_lower_only,51,0.05,610488320,14562560,0.2,20.0,0.06736780790955077,0.10479646671837548,0.8062015503875969,0.24758790373613526
all_lower_only,51,0.1,610488320,14562560,0.2,20.0,0.07324673183244898,0.11493889981697082,0.782608695652174,0.25597446053276296
all_lower_only,51,0.2,610488320,14562560,0.2,20.0,0.10917888783508937,0.13753859578794905,0.7572815533980582,0.27105537125769197
all_lower_only,51,0.5,610488320,14562560,0.2,20.0,0.16122467790627024,0.1836838335122934,0.125,0.2843687924201084
all_lower_only,52,0.05,610488320,14562560,0.4,20.0,0.10237428634591617,0.11740064399093862,0.6046511627906976,0.2015828093775356
all_lower_only,52,0.1,610488320,14562560,0.4,20.0,0.12092611037217316,0.12939154777427098,0.26956521739130435,0.2025186796747016
all_lower_only,52,0.2,610488320,14562560,0.4,20.0,0.13380758296718054,0.1390223655593734,0.038834951456310676,0.20392966580560778
all_lower_only,52,0.5,610488320,14562560,0.4,20.0,0.12193490595870463,0.12391491630411143,0.0,0.1650661235322457
all_lower_only,53,0.05,610488320,14562560,1.0,20.0,0.12697147348357113,0.15862037148747948,0.6511627906976745,0.23245247559973592
all_lower_only,53,0.1,610488320,14562560,1.0,20.0,0.2318449530796326,0.2563423415692658,0.3217391304347826,0.3271365329770768
all_lower_only,53,0.2,610488320,14562560,1.0,20.0,0.254112449554752,0.27528708580877165,0.24271844660194175,0.35459450649808977
all_lower_only,53,0.5,610488320,14562560,1.0,20.0,0.1440872255878923,0.14527691840976384,0.21875,0.1813740502805954
all_lower_only,54,0.05,610488320,14562560,0.4,30.0,0.11367714970444451,0.14021341638130594,0.5503875968992248,0.213933775737023
all_lower_only,54,0.1,610488320,14562560,0.4,30.0,0.1317966719213035,0.16184364117428593,0.4956521739130435,0.2371233101380643
all_lower_only,54,0.2,610488320,14562560,0.4,30.0,0.20438321223918224,0.22494355053119336,0.4368932038834951,0.29414854447789973
all_lower_only,54,0.5,610488320,14562560,0.4,30.0,0.2200963444661769,0.2246050693109119,0.0,0.24236677685819408
all_lower_only,55,0.05,77124608,32270848,0.2,10.0,0.14429647302441123,0.15015322334045375,1.0,0.25048007356604485
all_lower_only,55,0.1,77124608,32270848,0.2,10.0,0.051128111574727186,0.06578941187801142,0.8869565217391304,0.15475553693146793
all_lower_only,55,0.2,77124608,32270848,0.2,10.0,0.058291182956200616,0.07003116019425658,0.7864077669902912,0.1529148740305053
all_lower_only,55,0.5,77124608,32270848,0.2,10.0,0.059927613485791356,0.06852175629486054,0.75,0.13238342024233196
all_lower_only,56,0.05,77124608,32270848,0.4,10.0,0.03316050442322351,0.04545441958102637,1.0,0.12409802197230313
all_lower_only,56,0.1,77124608,32270848,0.4,10.0,0.05418087779870469,0.06760912973320322,0.8695652173913043,0.15231234826010365
all_lower_only,56,0.2,77124608,32270848,0.4,10.0,0.061467629940905946,0.07247914083632633,0.7864077669902912,0.15248831250988681
all_lower_only,56,0.5,77124608,32270848,0.4,10.0,0.03965017946145044,0.04848421660802656,0.765625,0.10292755264922615
all_lower_only,57,0.05,77124608,32270848,0.6,10.0,0.045290190429528004,0.06105980200038716,0.9147286821705426,0.15053589289799918
all_lower_only,57,0.1,77124608,32270848,0.6,10.0,0.06356166565798566,0.07788397267923303,0.8260869565217391,0.16685315267391587
all_lower_only,57,0.2,77124608,32270848,0.6,10.0,0.07288749928565319,0.0839087263664983,0.6407766990291263,0.16824533038472822
all_lower_only,57,0.5,77124608,32270848,0.6,10.0,0.04611472253531428,0.054502548085275576,0.671875,0.10997400438832994
all_lower_only,58,0.05,77124608,32270848,0.8,10.0,0.03564415772273729,0.04809435197405073,1.0,0.12303732940077516
all_lower_only,58,0.1,77124608,32270848,0.8,10.0,0.05041351749790586,0.06475015208861515,0.7217391304347827,0.14622967087926497
all_lower_only,58,0.2,77124608,32270848,0.8,10.0,0.06656764955214638,0.07793737152346832,0.3786407766990291,0.15939875286803762
all_lower_only,58,0.5,77124608,32270848,0.8,10.0,0.05043520877296724,0.05825358361035754,0.625,0.11376913955404167
all_lower_only,59,0.05,77124608,32270848,1.0,10.0,0.05097629672707271,0.056742177424597855,1.0,0.11923991431793901
all_lower_only,59,0.1,77124608,32270848,1.0,10.0,0.03632990947263394,0.049200655808521086,0.8608695652173913,0.11982553874760482
all_lower_only,59,0.2,77124608,32270848,1.0,10.0,0.04803702305220004,0.05864480748101154,0.7475728155339806,0.12894059796544388
all_lower_only,59,0.5,77124608,32270848,1.0,10.0,0.04810786353181935,0.05479484627223312,0.65625,0.1055420181827218
all_lower_only,60,0.05,77124608,32270848,0.2,20.0,0.05424507382117839,0.06950874783381271,1.0,0.16318195215215914
all_lower_only,60,0.1,77124608,32270848,0.2,20.0,0.07069237071242666,0.0822864919984684,0.782608695652174,0.16891396454524532
all_lower_only,60,0.2,77124608,32270848,0.2,20.0,0.07282456268911118,0.0816933755619707,0.3592233009708738,0.1616412525768709
all_lower_only,60,0.5,77124608,32270848,0.2,20.0,0.05629335346568016,0.06300563897990315,0.75,0.12002932444897896
all_lower_only,61,0.05,77124608,32270848,0.4,20.0,0.06828046888517103,0.08266253876563025,0.9302325581395349,0.1749621506348591
all_lower_only,61,0.1,77124608,32270848,0.4,20.0,0.08733206571080193,0.0996343880393227,0.8260869565217391,0.19069914679340538
all_lower_only,61,0.2,77124608,32270848,0.4,20.0,0.07354032929038289,0.08339231222600761,0.7864077669902912,0.16586780498983922
all_lower_only,61,0.5,77124608,32270848,0.4,20.0,0.04615706816100976,0.05310203966495659,0.75,0.10613997340241044
all_lower_only,62,0.05,77124608,32270848,0.6,20.0,0.08776793921741441,0.10280191219880354,0.8914728682170543,0.20273364068158184
all_lower_only,62,0.1,77124608,32270848,0.6,20.0,0.10242933188573407,0.11494560861323913,0.782608695652174,0.2122461336030339
all_lower_only,62,0.2,77124608,32270848,0.6,20.0,0.08404531467368914,0.09419856355451711,0.6990291262135923,0.18069023373244608
all_lower_only,62,0.5,77124608,32270848,0.6,20.0,0.04888783718714042,0.05680092910314675,0.703125,0.11273848419595156
all_lower_only,63,0.05,77124608,32270848,0.8,20.0,0.0584702750322994,0.07278861947281044,0.9302325581395349,0.1596879926997774
all_lower_only,63,0.1,77124608,32270848,0.8,20.0,0.08172180639727823,0.09400489699217551,0.4956521739130435,0.1843694296036298
all_lower_only,63,0.2,77124608,32270848,0.8,20.0,0.08271196319809376,0.09233088978853542,0.33980582524271846,0.17657613571867437
all_lower_only,63,0.5,77124608,32270848,0.8,20.0,0.05324165940422071,0.06061079905707462,0.65625,0.11644034883670606
all_lower_only,64,0.05,77124608,32270848,1.0,20.0,0.04895680783980883,0.05835060214784978,1.0,0.13218605238567838
all_lower_only,64,0.1,77124608,32270848,1.0,20.0,0.07289736481669301,0.08219198379913609,0.8,0.16212996695175175
all_lower_only,64,0.2,77124608,32270848,1.0,20.0,0.07987826350688641,0.08788780974886892,0.3883495145631068,0.16569403402603866
all_lower_only,64,0.5,77124608,32270848,1.0,20.0,0.058689298786823205,0.06488498970613009,0.640625,0.11924674709225602
all_lower_only,65,0.05,77124608,32270848,0.2,30.0,0.09458364384172478,0.10325778399541787,1.0,0.1944489681837367
all_lower_only,65,0.1,77124608,32270848,0.2,30.0,0.09633770890143467,0.10341357632379038,0.19130434782608696,0.18551604295016988
all_lower_only,65,0.2,77124608,32270848,0.2,30.0,0.0868821976017378,0.09307176174977616,0.1553398058252427,0.16927613011676357
all_lower_only,65,0.5,77124608,32270848,0.2,30.0,0.06457432348491124,0.0692155529388953,0.71875,0.12199914986892058
all_lower_only,66,0.05,77124608,32270848,0.4,30.0,0.09227894494316448,0.10080139305897969,0.9457364341085271,0.1877308944464704
all_lower_only,66,0.1,77124608,32270848,0.4,30.0,0.10292436853585758,0.11130574496539726,0.4,0.1992426369447351
all_lower_only,66,0.2,77124608,32270848,0.4,30.0,0.08550150138504746,0.09268581986416669,0.3786407766990291,0.17202959845634203
all_lower_only,66,0.5,77124608,32270848,0.4,30.0,0.055047503992919036,0.06040541164367989,0.71875,0.11240714404048369
all_lower_only,67,0.05,77124608,32270848,0.6,30.0,0.11120308689010115,0.12044302756939237,0.8682170542635659,0.21533884462473996
all_lower_only,67,0.1,77124608,32270848,0.6,30.0,0.11892849655037697,0.12846435514701784,0.4260869565217391,0.22363024391128805
all_lower_only,67,0.2,77124608,32270848,0.6,30.0,0.09269732897382679,0.10083271484821195,0.4368932038834951,0.18429120388942888
all_lower_only,67,0.5,77124608,32270848,0.6,30.0,0.056176896274125206,0.06224653649086703,0.6875,0.11584192039495944
all_lower_only,68,0.05,77124608,32270848,0.8,30.0,0.06819720157369326,0.077041887239814,1.0,0.15680876337364102
all_lower_only,68,0.1,77124608,32270848,0.8,30.0,0.10361379867809488,0.11093978670880693,0.4434782608695652,0.19465070171218857
all_lower_only,68,0.2,77124608,32270848,0.8,30.0,0.09660213282943866,0.10337083923328813,0.2912621359223301,0.18311546461563522
all_lower_only,68,0.5,77124608,32270848,0.8,30.0,0.06259813588457747,0.06805685541106256,0.625,0.12195258679374987
all_lower_only,69,0.05,77124608,32270848,1.0,30.0,0.05797300286343983,0.06540859988788028,1.0,0.14130595097687504
all_lower_only,69,0.1,77124608,32270848,1.0,30.0,0.08701364020567406,0.09146442038699615,0.9565217391304348,0.16295050989844873
all_lower_only,69,0.2,77124608,32270848,1.0,30.0,0.09756098617380765,0.10222954877642751,0.5922330097087378,0.17459058902544955
all_lower_only,69,0.5,77124608,32270848,1.0,30.0,0.0688109871340071,0.07349080672404185,0.640625,0.12671554237234606
all_lower_only,70,0.05,134561280,32270848,0.2,10.0,0.14179281185956683,0.14608603307434553,0.8914728682170543,0.193807143165174
all_lower_only,70,0.1,134561280,32270848,0.2,10.0,0.09778781951452185,0.10182311332637863,0.8869565217391304,0.16875687650957172
all_lower_only,70,0.2,134561280,32270848,0.2,10.0,0.08096476246611066,0.08526078890190478,0.8252427184466019,0.1478176964772584
all_lower_only,70,0.5,134561280,32270848,0.2,10.0,0.08127329039204133,0.08455944193442362,0.25,0.13167713641908607
all_lower_only,71,0.05,134561280,32270848,0.4,10.0,0.05283598237487783,0.05939309181033969,1.0,0.12193006532770134
all_lower_only,71,0.1,134561280,32270848,0.4,10.0,0.06177670306694923,0.06903272355642054,0.8608695652173913,0.1322267642619872
all_lower_only,71,0.2,134561280,32270848,0.4,10.0,0.06584728332587834,0.0711555593328091,0.8252427184466019,0.12862815575690334
all_lower_only,71,0.5,134561280,32270848,0.4,10.0,0.05536529975874828,0.0584747929974397,0.765625,0.09741023143787575
all_lower_only,72,0.05,134561280,32270848,1.0,10.0,0.05106129858589894,0.057533502152698056,1.0,0.11342596520369863
all_lower_only,72,0.1,134561280,32270848,1.0,10.0,0.05625995466814063,0.0640341852358127,0.8608695652173913,0.12064616795030236
all_lower_only,72,0.2,134561280,32270848,1.0,10.0,0.06345320358656537,0.07023578209410823,0.7572815533980582,0.12493563783765316
all_lower_only,72,0.5,134561280,32270848,1.0,10.0,0.06247622807524783,0.06575630210563839,0.65625,0.10363094188350574
all_lower_only,73,0.05,134561280,32270848,0.2,20.0,0.09433572581597345,0.10075952612755647,0.937984496124031,0.17625914710063428
all_lower_only,73,0.1,134561280,32270848,0.2,20.0,0.07393732495339105,0.08098986037208734,0.8608695652173913,0.14888615766334246
all_lower_only,73,0.2,134561280,32270848,0.2,20.0,0.07734068927080083,0.08254323769260093,0.5533980582524272,0.1447279567209927
all_lower_only,73,0.5,134561280,32270848,0.2,20.0,0.07700306696341161,0.08007648310492452,0.15625,0.12465727959067374
all_lower_only,74,0.05,134561280,32270848,0.4,20.0,0.06105280692443186,0.0707413217952782,0.9302325581395349,0.1415386799066638
all_lower_only,74,0.1,134561280,32270848,0.4,20.0,0.08245830801661089,0.08978635961131191,0.808695652173913,0.15803439280627862
all_lower_only,74,0.2,134561280,32270848,0.4,20.0,0.07750394793058155,0.08280836301111151,0.7864077669902912,0.14457188854728598
all_lower_only,74,0.5,134561280,32270848,0.4,20.0,0.059475513881849754,0.06293858663637066,0.71875,0.10478477096058847
all_lower_only,75,0.05,134561280,32270848,1.0,20.0,0.05319099218148176,0.06169986024592832,1.0,0.11973914199874947
all_lower_only,75,0.1,134561280,32270848,1.0,20.0,0.07786960271905716,0.08351501904514504,0.8173913043478261,0.13971648528533787
all_lower_only,75,0.2,134561280,32270848,1.0,20.0,0.08330314088210082,0.0876302948602335,0.33980582524271846,0.14164168681655886
all_lower_only,75,0.5,134561280,32270848,1.0,20.0,0.0625840585007948,0.06573212388794757,0.671875,0.10495873967344593
all_lower_only,76,0.05,134561280,32270848,0.2,30.0,0.06061662107546171,0.06745738880251265,0.9612403100775194,0.13887889406617338
all_lower_only,76,0.1,134561280,32270848,0.2,30.0,0.07250808562475616,0.07685877211984683,0.8434782608695652,0.14292826265997127
all_lower_only,76,0.2,134561280,32270848,0.2,30.0,0.07081202391778267,0.07496613981298804,0.7864077669902912,0.1378651618810236
all_lower_only,76,0.5,134561280,32270848,0.2,30.0,0.05681084341970164,0.06113436269624628,0.6875,0.10904329316652883
all_lower_only,77,0.05,134561280,32270848,0.4,30.0,0.06699414216622174,0.0728040858128859,0.9457364341085271,0.14350928160216636
all_lower_only,77,0.1,134561280,32270848,0.4,30.0,0.08217697925215786,0.0866005732602324,0.8434782608695652,0.15441228115291028
all_lower_only,77,0.2,134561280,32270848,0.4,30.0,0.07239012749870712,0.0768252309724628,0.8155339805825242,0.1415249967594192
all_lower_only,77,0.5,134561280,32270848,0.4,30.0,0.04968821205628538,0.05462491134598761,0.765625,0.10219597561484073
all_lower_only,78,0.05,134561280,32270848,1.0,30.0,0.043223958290704426,0.05173911663260513,1.0,0.1166591892214166
all_lower_only,78,0.1,134561280,32270848,1.0,30.0,0.06730058863433086,0.0711023981955239,0.8956521739130435,0.13048177413090234
all_lower_only,78,0.2,134561280,32270848,1.0,30.0,0.06898227010129736,0.07232407272919723,0.8446601941747572,0.12894521218496413
all_lower_only,78,0.5,134561280,32270848,1.0,30.0,0.05362843028462235,0.057863717173385586,0.75,0.10307354741311481
all_lower_only,79,0.05,287183360,32270848,0.2,10.0,0.18585787922310054,0.1887437966491555,0.4418604651162791,0.2625268315689171
all_lower_only,79,0.1,287183360,32270848,0.2,10.0,0.14900601310549444,0.15487696920094193,0.4,0.23661304785223258
all_lower_only,79,0.2,287183360,32270848,0.2,10.0,0.12280473054878521,0.12926662633923025,0.2524271844660194,0.20667107926891637
all_lower_only,79,0.5,287183360,32270848,0.2,10.0,0.10126458419773307,0.10566107774497545,0.0,0.1611071292444619
all_lower_only,80,0.05,287183360,32270848,0.4,10.0,0.10754996655260021,0.12021285685551486,0.6666666666666666,0.21002853109725383
all_lower_only,80,0.1,287183360,32270848,0.4,10.0,0.12166886730869085,0.13354208234638615,0.3565217391304348,0.2238091547232972
all_lower_only,80,0.2,287183360,32270848,0.4,10.0,0.11182667393814477,0.12089792128543089,0.24271844660194175,0.20246378837401902
all_lower_only,80,0.5,287183360,32270848,0.4,10.0,0.08380993140029758,0.08786628361115088,0.015625,0.13763835760339305
all_lower_only,81,0.05,287183360,32270848,1.0,10.0,0.07661538984643348,0.08792756564780255,0.7364341085271318,0.16031683511964734
all_lower_only,81,0.1,287183360,32270848,1.0,10.0,0.09416189913863467,0.10451273189562259,0.3565217391304348,0.17598426700301406
all_lower_only,81,0.2,287183360,32270848,1.0,10.0,0.09856127587848049,0.10615165895348767,0.22330097087378642,0.17247217968042117
all_lower_only,81,0.5,287183360,32270848,1.0,10.0,0.06827818513355535,0.07239978685881827,0.34375,0.11549705402737609
all_lower_only,82,0.05,287183360,32270848,0.2,20.0,0.15201977254570573,0.15973001709514,0.37209302325581395,0.2461134146164814
all_lower_only,82,0.1,287183360,32270848,0.2,20.0,0.12603149680320425,0.1344289438559204,0.21739130434782608,0.21559121214011423
all_lower_only,82,0.2,287183360,32270848,0.2,20.0,0.11672605559115255,0.1238522849940698,0.08737864077669903,0.19962670833359497
all_lower_only,82,0.5,287183360,32270848,0.2,20.0,0.1025201306043377,0.10599971866137536,0.0,0.15715301844926355
all_lower_only,83,0.05,287183360,32270848,0.4,20.0,0.12708759898236943,0.14009645282288297,0.35658914728682173,0.23160433188374618
all_lower_only,83,0.1,287183360,32270848,0.4,20.0,0.13188201304105088,0.1419917001886016,0.2,0.228622456376121
all_lower_only,83,0.2,287183360,32270848,0.4,20.0,0.11450715823902118,0.12219244071918743,0.13592233009708737,0.1994012461023087
all_lower_only,83,0.5,287183360,32270848,0.4,20.0,0.08623825829124737,0.08955417889206213,0.0,0.1360963391755896
all_lower_only,84,0.05,287183360,32270848,1.0,20.0,0.10773785250756779,0.11547360883656527,0.32558139534883723,0.18427161309501972
all_lower_only,84,0.1,287183360,32270848,1.0,20.0,0.12129441318884368,0.12751374250006006,0.12173913043478261,0.19424012225141007
all_lower_only,84,0.2,287183360,32270848,1.0,20.0,0.10844916295197939,0.11370015986663179,0.11650485436893204,0.1771821799577291
all_lower_only,84,0.5,287183360,32270848,1.0,20.0,0.07569835925728421,0.07881338648373588,0.171875,0.12015548585527625
all_lower_only,85,0.05,287183360,32270848,0.2,30.0,0.1634522389222331,0.16963787830486018,0.2868217054263566,0.246880145417667
all_lower_only,85,0.1,287183360,32270848,0.2,30.0,0.1406912217344989,0.14649105230511253,0.16521739130434782,0.22078934449957277
all_lower_only,85,0.2,287183360,32270848,0.2,30.0,0.12685446651772514,0.1318560638848048,0.06796116504854369,0.1995402674361615
all_lower_only,85,0.5,287183360,32270848,0.2,30.0,0.10518864242844359,0.10779643480875825,0.0,0.15343638544640537
all_lower_only,86,0.05,287183360,32270848,0.4,30.0,0.1329264037600415,0.14133434046241145,0.24806201550387597,0.22286062188184808
all_lower_only,86,0.1,287183360,32270848,0.4,30.0,0.1303034312688241,0.13720759460354828,0.10434782608695652,0.2132103383729662
all_lower_only,86,0.2,287183360,32270848,0.4,30.0,0.117593017423656,0.12301104515372782,0.038834951456310676,0.1912340888458537
all_lower_only,86,0.5,287183360,32270848,0.4,30.0,0.09065407711806876,0.09327519389998629,0.0,0.13656977339961807
all_lower_only,87,0.05,287183360,32270848,1.0,30.0,0.12686318722612458,0.13152051771178555,0.24806201550387597,0.1949552825915668
all_lower_only,87,0.1,287183360,32270848,1.0,30.0,0.12829247867822255,0.13220202929773975,0.06956521739130435,0.19262182391121896
all_lower_only,87,0.2,287183360,32270848,1.0,30.0,0.11443395176611781,0.11826498460697334,0.04854368932038835,0.17591895006031777
all_lower_only,87,0.5,287183360,32270848,1.0,30.0,0.0777535196741444,0.08008461567387005,0.140625,0.11771784027429844
all_lower_only,88,0.05,610488320,32270848,0.4,10.0,0.06221306413902356,0.0754154020532345,0.8449612403100775,0.15125798458201434
all_lower_only,88,0.1,610488320,32270848,0.4,10.0,0.10108148921737267,0.10834191714331622,0.5565217391304348,0.17671954994874128
all_lower_only,88,0.2,610488320,32270848,0.4,10.0,0.10551664290150865,0.11062249203953321,0.3106796116504854,0.17359153218143697
all_lower_only,88,0.5,610488320,32270848,0.4,10.0,0.09415625131185515,0.0967786190864734,0.0,0.13985937828496797
all_lower_only,89,0.05,134561280,77124608,0.2,10.0,0.14818952324077495,0.1522375156672249,1.0,0.20247105525784148
all_lower_only,89,0.1,134561280,77124608,0.2,10.0,0.1042606964822117,0.10773367194357973,1.0,0.17041999356461357
all_lower_only,89,0.2,134561280,77124608,0.2,10.0,0.08271185975695651,0.08563373537984736,0.8932038834951457,0.14332919434423674
all_lower_only,89,0.5,134561280,77124608,0.2,10.0,0.07694765272668412,0.08032908792847289,0.640625,0.1273368787014193
all_lower_only,90,0.05,134561280,77124608,0.4,10.0,0.1135807916610976,0.11490752170989073,1.0,0.16816052645560875
all_lower_only,90,0.1,134561280,77124608,0.4,10.0,0.06308008304136345,0.06735084268446094,0.9043478260869565,0.12812232355520314
all_lower_only,90,0.2,134561280,77124608,0.4,10.0,0.052683057034927004,0.05843507450505926,0.8446601941747572,0.11791831289925336
all_lower_only,90,0.5,134561280,77124608,0.4,10.0,0.04770873878754317,0.05224470572451828,0.796875,0.09549570692009435
all_lower_only,91,0.05,134561280,77124608,1.0,10.0,0.12422992126846048,0.12478115381556805,0.9689922480620154,0.16189319228851584
all_lower_only,91,0.1,134561280,77124608,1.0,10.0,0.08077783421207409,0.08178897454660615,0.9652173913043478,0.1188460526014854
all_lower_only,91,0.2,134561280,77124608,1.0,10.0,0.054759770411684935,0.05686955971101479,0.9320388349514563,0.09739637252346767
all_lower_only,91,0.5,134561280,77124608,1.0,10.0,0.039341311764003906,0.04262519868505986,0.90625,0.0755732180563089
all_lower_only,92,0.05,134561280,77124608,0.2,20.0,0.12889113071912853,0.13413917026235805,0.9302325581395349,0.21522919457641176
all_lower_only,92,0.1,134561280,77124608,0.2,20.0,0.09436553421892667,0.0996482076826938,0.9043478260869565,0.17059493744191712
all_lower_only,92,0.2,134561280,77124608,0.2,20.0,0.07981729359526141,0.08425210428630557,0.7766990291262136,0.1460485832429188
all_lower_only,92,0.5,134561280,77124608,0.2,20.0,0.06990687790611155,0.07361418374416022,0.640625,0.11981966895711738
all_lower_only,93,0.05,134561280,77124608,0.4,20.0,0.08328819170095096,0.08721365380936096,1.0,0.1539125474121319
all_lower_only,93,0.1,134561280,77124608,0.4,20.0,0.061805427941264555,0.06880617993604006,0.8608695652173913,0.1355993833291198
all_lower_only,93,0.2,134561280,77124608,0.4,20.0,0.059273976443483006,0.06607856524560794,0.7961165048543689,0.12897075621142395
all_lower_only,93,0.5,134561280,77124608,0.4,20.0,0.05269553744518978,0.05728066077602997,0.734375,0.10173610127384869
all_lower_only,94,0.05,134561280,77124608,1.0,20.0,0.09279092323867091,0.0948637643431387,1.0,0.14755061625666066
all_lower_only,94,0.1,134561280,77124608,1.0,20.0,0.06637658690998505,0.0690122162134846,0.9478260869565217,0.1182600426133511
all_lower_only,94,0.2,134561280,77124608,1.0,20.0,0.05445849182333674,0.05828281162941292,0.8932038834951457,0.10735061862458917
all_lower_only,94,0.5,134561280,77124608,1.0,20.0,0.04631537048903928,0.050165138948761866,0.828125,0.08817882386594711
all_lower_only,95,0.05,134561280,77124608,0.2,30.0,0.13412180166835963,0.13970280676315805,0.9147286821705426,0.21490229462092625
all_lower_only,95,0.1,134561280,77124608,0.2,30.0,0.09938041145541443,0.10280485376521514,0.8956521739130435,0.16621485136031544
all_lower_only,95,0.2,134561280,77124608,0.2,30.0,0.08537347801624048,0.08868990350031009,0.7864077669902912,0.14627847837179586
all_lower_only,95,0.5,134561280,77124608,0.2,30.0,0.06852779299322882,0.07178939946318989,0.671875,0.11535664160192471
all_lower_only,96,0.05,134561280,77124608,0.4,30.0,0.09044611436502763,0.09330589942094562,1.0,0.1541183508483508
all_lower_only,96,0.1,134561280,77124608,0.4,30.0,0.06944874493024324,0.07339188107927785,0.9130434782608695,0.1325670049640275
all_lower_only,96,0.2,134561280,77124608,0.4,30.0,0.06535713037471465,0.07000110209192824,0.8349514563106796,0.12765115341938094
all_lower_only,96,0.5,134561280,77124608,0.4,30.0,0.056293943577173045,0.060312877601340464,0.734375,0.10332254703991994
all_lower_only,97,0.05,134561280,77124608,1.0,30.0,0.09535727676798801,0.09775581526269041,0.9689922480620154,0.15276373853492742
all_lower_only,97,0.1,134561280,77124608,1.0,30.0,0.07630997671927504,0.07868100812841285,0.9478260869565217,0.12961049408995695
all_lower_only,97,0.2,134561280,77124608,1.0,30.0,0.06868330299638435,0.07145467948919569,0.8932038834951457,0.12072109753368343
all_lower_only,97,0.5,134561280,77124608,1.0,30.0,0.059790188334099624,0.06291880962091115,0.78125,0.10209729131077672
all_lower_only,98,0.05,287183360,77124608,0.2,10.0,0.16807039211551636,0.17081868628086536,0.2868217054263566,0.24167976217838794
all_lower_only,98,0.1,287183360,77124608,0.2,10.0,0.13296457216212335,0.1384812093121163,0.34782608695652173,0.2155098180971533
all_lower_only,98,0.2,287183360,77124608,0.2,10.0,0.10688261284034176,0.11302741169628354,0.23300970873786409,0.18537683286951312
all_lower_only,98,0.5,287183360,77124608,0.2,10.0,0.08993112178871357,0.09440142682356509,0.0,0.14815958363362158
all_lower_only,99,0.05,287183360,77124608,0.4,10.0,0.06453596795337137,0.07473448942366719,0.8372093023255814,0.1506864671193222
all_lower_only,99,0.1,287183360,77124608,0.4,10.0,0.06551035881241736,0.07792258408381904,0.6,0.153826724396533
all_lower_only,99,0.2,287183360,77124608,0.4,10.0,0.07156918904608946,0.08139992147660535,0.42718446601941745,0.15270415385655212
all_lower_only,99,0.5,287183360,77124608,0.4,10.0,0.07430449279250548,0.07886888049633521,0.078125,0.12775872517424625
all_lower_only,100,0.05,287183360,77124608,1.0,10.0,0.052892459850825996,0.059992417502371616,0.9302325581395349,0.11923264838811409
all_lower_only,100,0.1,287183360,77124608,1.0,10.0,0.0409065797314366,0.05305301078688996,0.8347826086956521,0.11279123204219843
all_lower_only,100,0.2,287183360,77124608,1.0,10.0,0.04594749994934648,0.05693232584683352,0.7184466019417476,0.11441403920183535
all_lower_only,100,0.5,287183360,77124608,1.0,10.0,0.05610033059949297,0.06081330427133039,0.421875,0.10161701374964904
all_lower_only,101,0.05,287183360,77124608,0.2,20.0,0.1399669806135738,0.145993909954539,0.3643410852713178,0.22318200493776175
all_lower_only,101,0.1,287183360,77124608,0.2,20.0,0.11247220924850142,0.11964362276206927,0.26956521739130435,0.19585163832021446
all_lower_only,101,0.2,287183360,77124608,0.2,20.0,0.10372558063644213,0.1104935457824367,0.14563106796116504,0.181618888656516
all_lower_only,101,0.5,287183360,77124608,0.2,20.0,0.0978089378199922,0.1013079187108975,0.0,0.15108229259801198
all_lower_only,102,0.05,287183360,77124608,0.4,20.0,0.07885356044395321,0.09250949159740332,0.5193798449612403,0.17505833871066945
all_lower_only,102,0.1,287183360,77124608,0.4,20.0,0.0918236467300652,0.10276145689853143,0.3391304347826087,0.18212540886533546
all_lower_only,102,0.2,287183360,77124608,0.4,20.0,0.09194801224050943,0.10013915426660422,0.22330097087378642,0.17287147490470534
all_lower_only,102,0.5,287183360,77124608,0.4,20.0,0.0827947738035964,0.08633278771472508,0.0,0.13319064883722476
all_lower_only,103,0.05,287183360,77124608,1.0,20.0,0.07256016260819262,0.08282105150257073,0.7131782945736435,0.1515579064398187
all_lower_only,103,0.1,287183360,77124608,1.0,20.0,0.07201073040356122,0.08193075617961196,0.5130434782608696,0.14753072231665065
all_lower_only,103,0.2,287183360,77124608,1.0,20.0,0.07608474283933163,0.08358349243613972,0.3883495145631068,0.14485276424997773
all_lower_only,103,0.5,287183360,77124608,1.0,20.0,0.07234109950942058,0.07572167118985183,0.125,0.11721660495880437
all_lower_only,104,0.05,287183360,77124608,0.2,30.0,0.1436569219672581,0.14979472738526034,0.31007751937984496,0.22413045463651393
all_lower_only,104,0.1,287183360,77124608,0.2,30.0,0.1255507982588577,0.1307592485228382,0.19130434782608696,0.20015603515347613
all_lower_only,104,0.2,287183360,77124608,0.2,30.0,0.11460819296028975,0.119243968484676,0.0970873786407767,0.18379586489361688
all_lower_only,104,0.5,287183360,77124608,0.2,30.0,0.09806927778650673,0.10062270900279578,0.0,0.14468929121230745
all_lower_only,105,0.05,287183360,77124608,0.4,30.0,0.0981383461352576,0.10726487174946547,0.3953488372093023,0.18299376108809362
all_lower_only,105,0.1,287183360,77124608,0.4,30.0,0.10091230812185244,0.10804995603106574,0.23478260869565218,0.17822102197526934
all_lower_only,105,0.2,287183360,77124608,0.4,30.0,0.0986924424655133,0.10417218006623208,0.13592233009708737,0.16826159734297863
all_lower_only,105,0.5,287183360,77124608,0.4,30.0,0.08655064980230354,0.089272420056485,0.0,0.13230283839442136
all_lower_only,106,0.05,287183360,77124608,0.6,30.0,0.0849407998614167,0.09626646398249025,0.3953488372093023,0.1723467015774236
all_lower_only,106,0.1,287183360,77124608,0.6,30.0,0.09702749801358711,0.10511370728386621,0.22608695652173913,0.17651524145504882
all_lower_only,106,0.2,287183360,77124608,0.6,30.0,0.09404309547935841,0.10010489264012948,0.13592233009708737,0.16472641236426888
all_lower_only,106,0.5,287183360,77124608,0.6,30.0,0.07811094675995583,0.08110277026972706,0.0,0.12338312039465071
all_lower_only,107,0.05,287183360,77124608,0.8,30.0,0.07888874336945627,0.09028125154272772,0.5038759689922481,0.16140624601451914
all_lower_only,107,0.1,287183360,77124608,0.8,30.0,0.08860720324228376,0.09640975748899508,0.2956521739130435,0.16273915684596663
all_lower_only,107,0.2,287183360,77124608,0.8,30.0,0.08890613088111993,0.09462139067397055,0.20388349514563106,0.15529317631928397
all_lower_only,107,0.5,287183360,77124608,0.8,30.0,0.07593037773689412,0.07884336486416514,0.0,0.11956717275618445
all_lower_only,108,0.05,287183360,77124608,1.0,30.0,0.10502081759232679,0.11266884645111544,0.4806201550387597,0.18054433613621712
all_lower_only,108,0.1,287183360,77124608,1.0,30.0,0.10251075359610484,0.1080610906645236,0.3217391304347826,0.17027208502571978
all_lower_only,108,0.2,287183360,77124608,1.0,30.0,0.10022109090524951,0.10459804196783011,0.22330097087378642,0.1619959487854552
all_lower_only,108,0.5,287183360,77124608,1.0,30.0,0.08480212771360285,0.08723506235104164,0.03125,0.12655135881237767
bracket_nearest,15,0.05,77124608,14562560,0.2,10.0,0.0793523193480468,0.08448651860102882,1.0,0.14576150659792608
bracket_nearest,15,0.1,77124608,14562560,0.2,10.0,0.07897152641988868,0.08386336079631139,0.8782608695652174,0.14305299999824062
bracket_nearest,15,0.2,77124608,14562560,0.2,10.0,0.07481122565185451,0.07884356260181202,0.7961165048543689,0.1371539347382691
bracket_nearest,15,0.5,77124608,14562560,0.2,10.0,0.06391848782100429,0.06818727873217793,0.65625,0.11629863632841175
bracket_nearest,16,0.05,77124608,14562560,0.4,10.0,0.03122701492217445,0.040156264562154986,1.0,0.10030671002672253
bracket_nearest,16,0.1,77124608,14562560,0.4,10.0,0.028703354858466562,0.03698918035917087,1.0,0.09270895135381663
bracket_nearest,16,0.2,77124608,14562560,0.4,10.0,0.046642256443501645,0.05442696804186241,0.8640776699029126,0.11323388003338586
bracket_nearest,16,0.5,77124608,14562560,0.4,10.0,0.0536419404638581,0.05803862971442466,0.734375,0.10114877401772882
bracket_nearest,17,0.05,77124608,14562560,1.0,10.0,0.043515766546824916,0.05363441903923157,1.0,0.10877047291841269
bracket_nearest,17,0.1,77124608,14562560,1.0,10.0,0.07818808669304374,0.08491003735452017,0.8695652173913043,0.13708516479162247
bracket_nearest,17,0.2,77124608,14562560,1.0,10.0,0.08812049151320407,0.09365573820655113,0.2524271844660194,0.14951546060384713
bracket_nearest,17,0.5,77124608,14562560,1.0,10.0,0.04744158488028481,0.05145608489931132,0.765625,0.08947990962199182
bracket_nearest,18,0.05,77124608,14562560,0.2,20.0,0.06935722011816177,0.07279966776173553,1.0,0.133792209320708
bracket_nearest,18,0.1,77124608,14562560,0.2,20.0,0.04860218500677519,0.05504585806922257,0.9478260869565217,0.11645742089459432
bracket_nearest,18,0.2,77124608,14562560,0.2,20.0,0.05113389571077398,0.057691737583033635,0.8640776699029126,0.11766660209726032
bracket_nearest,18,0.5,77124608,14562560,0.2,20.0,0.05456192857045843,0.059194974913294625,0.734375,0.10466675820507065
bracket_nearest,19,0.05,77124608,14562560,0.4,20.0,0.02353209931007142,0.03060156888995212,1.0,0.07483161893998913
bracket_nearest,19,0.1,77124608,14562560,0.4,20.0,0.03248994809636666,0.039908550994491844,1.0,0.09355071410278937
bracket_nearest,19,0.2,77124608,14562560,0.4,20.0,0.038462790656795046,0.045206275373326686,0.9805825242718447,0.09679884510679582
bracket_nearest,19,0.5,77124608,14562560,0.4,20.0,0.03748197814557566,0.04216362131803166,0.890625,0.08079747660159375
bracket_nearest,20,0.05,77124608,14562560,1.0,20.0,0.07985214285480852,0.08340726259566754,1.0,0.11794196521166311
bracket_nearest,20,0.1,77124608,14562560,1.0,20.0,0.1013681730755146,0.10436680598900924,0.4782608695652174,0.14314813989590958
bracket_nearest,20,0.2,77124608,14562560,1.0,20.0,0.08163005897550962,0.08461538692407024,0.6893203883495146,0.13324115057664399
bracket_nearest,20,0.5,77124608,14562560,1.0,20.0,0.0340531767414691,0.03820175257932059,1.0,0.07259374521836559
bracket_nearest,21,0.05,77124608,14562560,0.2,30.0,0.060987551655528716,0.06423316082746179,1.0,0.12000886051338933
bracket_nearest,21,0.1,77124608,14562560,0.2,30.0,0.0396196434508838,0.04559245598216565,1.0,0.1043361088898056
bracket_nearest,21,0.2,77124608,14562560,0.2,30.0,0.045597733795908126,0.05122987831147935,0.9611650485436893,0.1083167495211641
bracket_nearest,21,0.5,77124608,14562560,0.2,30.0,0.0507020629017044,0.055230593072523815,0.796875,0.09973983566202005
bracket_nearest,22,0.05,77124608,14562560,0.4,30.0,0.020846722070846074,0.027929434783939583,1.0,0.07808284201714644
bracket_nearest,22,0.1,77124608,14562560,0.4,30.0,0.042739427116243525,0.04795028122802785,1.0,0.09725581532795902
bracket_nearest,22,0.2,77124608,14562560,0.4,30.0,0.051082988096442426,0.055053693379439446,1.0,0.1034108438147574
bracket_nearest,22,0.5,77124608,14562560,0.4,30.0,0.04619774615180459,0.0496334422878417,0.859375,0.08784769524293834
bracket_nearest,23,0.05,77124608,14562560,1.0,30.0,0.06263005204273978,0.06385277053519951,1.0,0.07989083082811765
bracket_nearest,23,0.1,77124608,14562560,1.0,30.0,0.08239690064604509,0.08316736643010864,0.7043478260869566,0.10245001332162085
bracket_nearest,23,0.2,77124608,14562560,1.0,30.0,0.06582972896247774,0.0668553122156707,0.912621359223301,0.09711591263363539
bracket_nearest,23,0.5,77124608,14562560,1.0,30.0,0.030318823039088644,0.03322967492876778,1.0,0.0615152250157438
bracket_nearest,24,0.05,134561280,14562560,0.2,10.0,0.07485551785850714,0.09079055623146032,1.0,0.0954104388058088
bracket_nearest,24,0.1,134561280,14562560,0.2,10.0,0.06979743546133219,0.07376309218176205,1.0,0.10619752282416828
bracket_nearest,24,0.2,134561280,14562560,0.2,10.0,0.07846335392271493,0.0802243630601054,1.0,0.11357939782429138
bracket_nearest,24,0.5,134561280,14562560,0.2,10.0,0.08208851173118573,0.08288774461811046,0.90625,0.10610373060584477
bracket_nearest,25,0.05,134561280,14562560,0.4,10.0,0.013008623922053474,0.017237308481815074,1.0,0.04571454040547973
bracket_nearest,25,0.1,134561280,14562560,0.4,10.0,0.017607342197660636,0.020002771088802548,1.0,0.037670334403722805
bracket_nearest,25,0.2,134561280,14562560,0.4,10.0,0.013911853671912784,0.02100210618664028,1.0,0.053920110690076406
bracket_nearest,25,0.5,134561280,14562560,0.4,10.0,0.06638688329687847,0.06831887561621258,1.0,0.09785859568732302
bracket_nearest,26,0.05,134561280,14562560,1.0,10.0,0.03966223307026147,0.04347160477327162,1.0,0.006597569366979528
bracket_nearest,26,0.1,134561280,14562560,1.0,10.0,0.018018381626317827,0.022366714020547136,1.0,0.04919685346289704
bracket_nearest,26,0.2,134561280,14562560,1.0,10.0,0.06520278530927706,0.07058072719320913,1.0,0.10932225605764367
bracket_nearest,26,0.5,134561280,14562560,1.0,10.0,0.03126859652318803,0.03278513072172574,1.0,0.049526234281495274
bracket_nearest,27,0.05,134561280,14562560,0.2,20.0,0.03597428346000324,0.04559610096827998,1.0,0.07885144766632357
bracket_nearest,27,0.1,134561280,14562560,0.2,20.0,0.03471401159389654,0.03904739989628043,1.0,0.08174017569066505
bracket_nearest,27,0.2,134561280,14562560,0.2,20.0,0.037381164650092544,0.04136261962492564,1.0,0.08175951109881918
bracket_nearest,27,0.5,134561280,14562560,0.2,20.0,0.05920053006878563,0.061430017560327496,0.921875,0.09333023015778674
bracket_nearest,28,0.05,134561280,14562560,0.4,20.0,0.040624537868101704,0.04541041873166941,1.0,0.019820381231446804
bracket_nearest,28,0.1,134561280,14562560,0.4,20.0,0.03488317434247395,0.03861739064918879,1.0,0.0250846670024778
bracket_nearest,28,0.2,134561280,14562560,0.4,20.0,0.018301440833831718,0.023428815993346775,1.0,0.054930006568354006
bracket_nearest,28,0.5,134561280,14562560,0.4,20.0,0.049028515616612506,0.05220342359927043,1.0,0.08457433984259666
bracket_nearest,29,0.05,134561280,14562560,1.0,20.0,0.02734511717841619,0.03012380353985625,1.0,0.005133383309225303
bracket_nearest,29,0.1,134561280,14562560,1.0,20.0,0.021283602963052078,0.025047575026786766,1.0,0.0488097844546187
bracket_nearest,29,0.2,134561280,14562560,1.0,20.0,0.05563733716562775,0.05801792754293292,1.0,0.08555818485208055
bracket_nearest,29,0.5,134561280,14562560,1.0,20.0,0.013876303782514528,0.016288064644704177,1.0,0.03190356286052709
bracket_nearest,30,0.05,134561280,14562560,0.2,30.0,0.02842587665374388,0.03428551749497516,1.0,0.07315320332963626
bracket_nearest,30,0.1,134561280,14562560,0.2,30.0,0.0228195247595116,0.029429763072643347,1.0,0.0679307893847747
bracket_nearest,30,0.2,134561280,14562560,0.2,30.0,0.023210057826098127,0.028680458686682078,1.0,0.06836573572310911
bracket_nearest,30,0.5,134561280,14562560,0.2,30.0,0.04164393938426905,0.04475901669023267,1.0,0.0773426210032766
bracket_nearest,31,0.05,134561280,14562560,0.4,30.0,0.025441146782100073,0.029215869948596915,1.0,0.043018568306082194
bracket_nearest,31,0.1,134561280,14562560,0.4,30.0,0.01762162620253884,0.02115651958720061,1.0,0.046657460400580275
bracket_nearest,31,0.2,134561280,14562560,0.4,30.0,0.023336893204870052,0.029551353130382648,1.0,0.06756341722868564
bracket_nearest,31,0.5,134561280,14562560,0.4,30.0,0.04107961601977196,0.04396587575434186,1.0,0.07442941934055525
bracket_nearest,32,0.05,134561280,14562560,1.0,30.0,0.007889523460322678,0.008768464088292877,1.0,0.013714586181230226
bracket_nearest,32,0.1,134561280,14562560,1.0,30.0,0.03177996783617713,0.0322073651137854,1.0,0.04247462686428194
bracket_nearest,32,0.2,134561280,14562560,1.0,30.0,0.04897654201994297,0.04943610867192708,1.0,0.06370883517132753
bracket_nearest,32,0.5,134561280,14562560,1.0,30.0,0.019933210674169026,0.02175698002958976,1.0,0.038598184690076476
bracket_nearest,33,0.05,287183360,14562560,0.2,10.0,0.03979863528823923,0.04744631318612968,0.9147286821705426,0.11521397141959366
bracket_nearest,33,0.1,287183360,14562560,0.2,10.0,0.0456624946917984,0.05174466034061437,0.9043478260869565,0.11699795678226321
bracket_nearest,33,0.2,287183360,14562560,0.2,10.0,0.055623779468119305,0.06037848187582424,0.8446601941747572,0.12399816768192973
bracket_nearest,33,0.5,287183360,14562560,0.2,10.0,0.052677953841109335,0.058472360672351724,0.6875,0.11207763021081951
bracket_nearest,34,0.05,287183360,14562560,0.4,10.0,0.05009252712216501,0.058259397070169486,0.9457364341085271,0.12800725219957676
bracket_nearest,34,0.1,287183360,14562560,0.4,10.0,0.0751425591353869,0.07909362632709115,0.8956521739130435,0.14422599039953754
bracket_nearest,34,0.2,287183360,14562560,0.4,10.0,0.07365546828229524,0.07784681561579719,0.8446601941747572,0.14495261526020742
bracket_nearest,34,0.5,287183360,14562560,0.4,10.0,0.05301928842538607,0.05909427368561311,0.703125,0.11335619614796988
bracket_nearest,35,0.05,287183360,14562560,0.6,10.0,0.06956497736193507,0.07732683300410036,1.0,0.1498769454380573
bracket_nearest,35,0.1,287183360,14562560,0.6,10.0,0.07664284325658502,0.0827320823947811,0.9565217391304348,0.15668980443155212
bracket_nearest,35,0.2,287183360,14562560,0.6,10.0,0.06281933761321906,0.06975228025205976,0.9320388349514563,0.14385790023952372
bracket_nearest,35,0.5,287183360,14562560,0.6,10.0,0.043141361137009414,0.05047211315960055,0.796875,0.10338380069340958
bracket_nearest,36,0.05,287183360,14562560,0.8,10.0,0.07591258874873888,0.08116596024294831,0.9922480620155039,0.1499691140243904
bracket_nearest,36,0.1,287183360,14562560,0.8,10.0,0.07188039473110434,0.07687670147750944,0.9565217391304348,0.14625797109074679
bracket_nearest,36,0.2,287183360,14562560,0.8,10.0,0.0552196974549409,0.061559413147385826,0.9514563106796117,0.1302702588949063
bracket_nearest,36,0.5,287183360,14562560,0.8,10.0,0.03399295239117614,0.04169890566907836,0.875,0.09042088536773218
bracket_nearest,37,0.05,287183360,14562560,1.0,10.0,0.07412873122887556,0.07594563079029847,1.0,0.12415652889894302
bracket_nearest,37,0.1,287183360,14562560,1.0,10.0,0.06590016221294497,0.06763098399409372,1.0,0.11403205142055195
bracket_nearest,37,0.2,287183360,14562560,1.0,10.0,0.04968550075532428,0.05276394565535734,1.0,0.10305056660994194
bracket_nearest,37,0.5,287183360,14562560,1.0,10.0,0.024853126480767852,0.03260952475151945,1.0,0.07501515755117083
bracket_nearest,38,0.05,287183360,14562560,0.2,20.0,0.04938227369465399,0.059228997957180174,0.9224806201550387,0.13462978425017402
bracket_nearest,38,0.1,287183360,14562560,0.2,20.0,0.05362825170918605,0.06177656066895383,0.9043478260869565,0.13475393042066286
bracket_nearest,38,0.2,287183360,14562560,0.2,20.0,0.05541221635442498,0.06235711663190147,0.8640776699029126,0.13244335364870508
bracket_nearest,38,0.5,287183360,14562560,0.2,20.0,0.0538467091068181,0.059894882463445355,0.734375,0.11535811530582962
bracket_nearest,39,0.05,287183360,14562560,0.4,20.0,0.05050777200675923,0.05858631111152907,0.9767441860465116,0.13011747333677803
bracket_nearest,39,0.1,287183360,14562560,0.4,20.0,0.0599353453844221,0.06605375163617462,0.9478260869565217,0.13647911274439561
bracket_nearest,39,0.2,287183360,14562560,0.4,20.0,0.052065184484824924,0.058934627487483904,0.9223300970873787,0.12830279388988663
bracket_nearest,39,0.5,287183360,14562560,0.4,20.0,0.039939817167733746,0.047384536137208,0.828125,0.10052638412648052
bracket_nearest,40,0.05,287183360,14562560,0.6,20.0,0.07807828272026204,0.08584394707484481,1.0,0.16324225409302495
bracket_nearest,40,0.1,287183360,14562560,0.6,20.0,0.06339419013268027,0.07131176863192655,1.0,0.14810221219033703
bracket_nearest,40,0.2,287183360,14562560,0.6,20.0,0.044990995277332496,0.05455282392417976,0.9902912621359223,0.1270774315865637
bracket_nearest,40,0.5,287183360,14562560,0.6,20.0,0.030526839105003603,0.039964737514420194,0.921875,0.09154071560716326
bracket_nearest,41,0.05,287183360,14562560,0.8,20.0,0.06288469276686084,0.06638515096316387,1.0,0.13096874685203752
bracket_nearest,41,0.1,287183360,14562560,0.8,20.0,0.04879281087225941,0.05528849894870223,1.0,0.1232524160896078
bracket_nearest,41,0.2,287183360,14562560,0.8,20.0,0.03357738102277703,0.04327585820420778,1.0,0.10933452725927739
bracket_nearest,41,0.5,287183360,14562560,0.8,20.0,0.023155865312549005,0.033100636751447296,1.0,0.07985014091339715
bracket_nearest,42,0.05,287183360,14562560,1.0,20.0,0.07018770047350244,0.07147198049848073,1.0,0.10975430606763692
bracket_nearest,42,0.1,287183360,14562560,1.0,20.0,0.04836571460628974,0.05091158888185076,1.0,0.10069990167816267
bracket_nearest,42,0.2,287183360,14562560,1.0,20.0,0.03166238709295131,0.03715188983354313,1.0,0.09102089192629936
bracket_nearest,42,0.5,287183360,14562560,1.0,20.0,0.017654768386725115,0.02714785968176624,1.0,0.06792443636813061
bracket_nearest,43,0.05,287183360,14562560,0.2,30.0,0.09472637619635471,0.09650059420294807,0.9147286821705426,0.14607246752286485
bracket_nearest,43,0.1,287183360,14562560,0.2,30.0,0.07905506405187526,0.08203014871611758,0.9217391304347826,0.13663176984055103
bracket_nearest,43,0.2,287183360,14562560,0.2,30.0,0.0743200846848994,0.07756607645240013,0.8737864077669902,0.1314319869315581
bracket_nearest,43,0.5,287183360,14562560,0.2,30.0,0.06682014977585195,0.06997914668660568,0.71875,0.11278238964016007
bracket_nearest,44,0.05,287183360,14562560,0.4,30.0,0.05482264471218039,0.057602705297603904,1.0,0.107037296888155
bracket_nearest,44,0.1,287183360,14562560,0.4,30.0,0.0567948418321869,0.059414916878791246,1.0,0.10747562181779435
bracket_nearest,44,0.2,287183360,14562560,0.4,30.0,0.05644826862427147,0.05939015560257535,1.0,0.10722540535212621
bracket_nearest,44,0.5,287183360,14562560,0.4,30.0,0.05218540454099929,0.055457752251291445,0.921875,0.09406928455143038
bracket_nearest,45,0.05,287183360,14562560,0.6,30.0,0.0744870652610281,0.07746715183410938,1.0,0.12933839660661262
bracket_nearest,45,0.1,287183360,14562560,0.6,30.0,0.06928604093590486,0.07251985201091414,1.0,0.12441594815415513
bracket_nearest,45,0.2,287183360,14562560,0.6,30.0,0.055281334931206856,0.05976325715901173,1.0,0.11307567929886897
bracket_nearest,45,0.5,287183360,14562560,0.6,30.0,0.04103535088809558,0.04522008806409537,1.0,0.083357764380386
bracket_nearest,46,0.05,287183360,14562560,0.8,30.0,0.08178547511214283,0.08306842303622616,1.0,0.12495078286938588
bracket_nearest,46,0.1,287183360,14562560,0.8,30.0,0.06008654354167586,0.0630894884223316,1.0,0.11293487611446418
bracket_nearest,46,0.2,287183360,14562560,0.8,30.0,0.038475007491504676,0.04413601947022088,1.0,0.0947129980082495
bracket_nearest,46,0.5,287183360,14562560,0.8,30.0,0.022804399676405376,0.02941026783645496,1.0,0.06389201691741997
bracket_nearest,47,0.05,287183360,14562560,1.0,30.0,0.08973518196787002,0.09080166292115803,1.0,0.11144734060187522
bracket_nearest,47,0.1,287183360,14562560,1.0,30.0,0.06371627740961064,0.06498100231910701,1.0,0.10201801098883623
bracket_nearest,47,0.2,287183360,14562560,1.0,30.0,0.03703268567995902,0.04127704579623114,1.0,0.08660385193016307
bracket_nearest,47,0.5,287183360,14562560,1.0,30.0,0.017254899727717737,0.02506576751409244,1.0,0.05743066681614084
bracket_nearest,55,0.05,77124608,32270848,0.2,10.0,0.025427093306460858,0.039031894408456225,0.9767441860465116,0.08566424132232076
bracket_nearest,55,0.1,77124608,32270848,0.2,10.0,0.021534539091707966,0.0272963005957095,1.0,0.0687520510507813
bracket_nearest,55,0.2,77124608,32270848,0.2,10.0,0.019998311343189596,0.029450466546322492,0.9611650485436893,0.08153140826599481
bracket_nearest,55,0.5,77124608,32270848,0.2,10.0,0.03320086691995009,0.040456006974769046,0.828125,0.08500058611628036
bracket_nearest,56,0.05,77124608,32270848,0.4,10.0,0.03286903382358941,0.03612940566783706,1.0,0.05615582324330326
bracket_nearest,56,0.1,77124608,32270848,0.4,10.0,0.023428017900537473,0.031386321766892454,1.0,0.08360927427179421
bracket_nearest,56,0.2,77124608,32270848,0.4,10.0,0.027445434565744508,0.034762524194741504,1.0,0.08510181344295864
bracket_nearest,56,0.5,77124608,32270848,0.4,10.0,0.027259676714323243,0.03455974148551186,0.921875,0.07610358789871441
bracket_nearest,57,0.05,77124608,32270848,0.6,10.0,0.026808073248737758,0.031345883830384974,1.0,0.06762748520757889
bracket_nearest,57,0.1,77124608,32270848,0.6,10.0,0.02535755067655475,0.03496392155798029,1.0,0.09270463493750025
bracket_nearest,57,0.2,77124608,32270848,0.6,10.0,0.036696485066575114,0.045588196347827646,1.0,0.10393493520454733
bracket_nearest,57,0.5,77124608,32270848,0.6,10.0,0.027577270505803192,0.035184927054520664,0.875,0.07670850959958964
bracket_nearest,58,0.05,77124608,32270848,0.8,10.0,0.03385898161681897,0.036041830322794774,1.0,0.02251458373182391
bracket_nearest,58,0.1,77124608,32270848,0.8,10.0,0.01685333253307654,0.021572339751616893,1.0,0.05567970812568923
bracket_nearest,58,0.2,77124608,32270848,0.8,10.0,0.014822177980947163,0.02258230274979147,1.0,0.06300024052324726
bracket_nearest,58,0.5,77124608,32270848,0.8,10.0,0.018003214323438044,0.02476068024496646,1.0,0.05637028616324713
bracket_nearest,59,0.05,77124608,32270848,1.0,10.0,0.02997887935753424,0.032358825284520235,1.0,0.023417025819130632
bracket_nearest,59,0.1,77124608,32270848,1.0,10.0,0.019008725995571064,0.021252611348658003,1.0,0.048881164229330754
bracket_nearest,59,0.2,77124608,32270848,1.0,10.0,0.013330743799070694,0.020505452965486844,1.0,0.0588697321482079
bracket_nearest,59,0.5,77124608,32270848,1.0,10.0,0.015001421069770204,0.02365203696860078,0.9375,0.05565353039677845
bracket_nearest,60,0.05,77124608,32270848,0.2,20.0,0.047432185973655734,0.050916428297145426,1.0,0.03012384777695032
bracket_nearest,60,0.1,77124608,32270848,0.2,20.0,0.01516797792586339,0.020208093863382223,1.0,0.055152523461601044
bracket_nearest,60,0.2,77124608,32270848,0.2,20.0,0.012360121163826092,0.02042622229592411,1.0,0.061014706841915345
bracket_nearest,60,0.5,77124608,32270848,0.2,20.0,0.013871241375152915,0.02262765327285159,1.0,0.056254787763064806
bracket_nearest,61,0.05,77124608,32270848,0.4,20.0,0.021219534663285834,0.028081575045895892,1.0,0.07406927278982911
bracket_nearest,61,0.1,77124608,32270848,0.4,20.0,0.028890756246618538,0.0351041368032633,1.0,0.08459640673083024
bracket_nearest,61,0.2,77124608,32270848,0.4,20.0,0.030896179938428,0.035693847419685065,1.0,0.08170685081613582
bracket_nearest,61,0.5,77124608,32270848,0.4,20.0,0.019833483543118268,0.02662101715834881,1.0,0.06148148653035723
bracket_nearest,62,0.05,77124608,32270848,0.6,20.0,0.027445153090609235,0.036548926177477396,1.0,0.09723768468852967
bracket_nearest,62,0.1,77124608,32270848,0.6,20.0,0.04376378661823475,0.05211614565220509,1.0,0.11420467535793799
bracket_nearest,62,0.2,77124608,32270848,0.6,20.0,0.04568116680033872,0.052296367114429594,1.0,0.11108378068698244
bracket_nearest,62,0.5,77124608,32270848,0.6,20.0,0.029196138901218565,0.035114643455491645,1.0,0.07449725066330481
bracket_nearest,63,0.05,77124608,32270848,0.8,20.0,0.014864664140453648,0.021305957378309773,1.0,0.06302502399808185
bracket_nearest,63,0.1,77124608,32270848,0.8,20.0,0.031993806074871865,0.038774407220700774,1.0,0.0883900681933163
bracket_nearest,63,0.2,77124608,32270848,0.8,20.0,0.03945845716178309,0.0439115053753221,1.0,0.0902761658635085
bracket_nearest,63,0.5,77124608,32270848,0.8,20.0,0.027593681182732765,0.031920479906325634,1.0,0.06483121256142566
bracket_nearest,64,0.05,77124608,32270848,1.0,20.0,0.012647912843863018,0.019104503323376983,1.0,0.05860282635099523
bracket_nearest,64,0.1,77124608,32270848,1.0,20.0,0.02874074680729931,0.036164594075240634,0.9391304347826087,0.08668860105601306
bracket_nearest,64,0.2,77124608,32270848,1.0,20.0,0.039674773273862665,0.04459969203373192,0.883495145631068,0.09332235872377836
bracket_nearest,64,0.5,77124608,32270848,1.0,20.0,0.03648692315138456,0.04040230840744946,0.8125,0.07560211041912668
bracket_nearest,65,0.05,77124608,32270848,0.2,30.0,0.0194721119062719,0.022441393050997318,1.0,0.05598192573504379
bracket_nearest,65,0.1,77124608,32270848,0.2,30.0,0.012014519386111764,0.019784407221333667,1.0,0.06257824030010584
bracket_nearest,65,0.2,77124608,32270848,0.2,30.0,0.0210395040359696,0.02630070832557976,1.0,0.06881753203879981
bracket_nearest,65,0.5,77124608,32270848,0.2,30.0,0.022775611940659753,0.029003231697286046,1.0,0.06549002189118314
bracket_nearest,66,0.05,77124608,32270848,0.4,30.0,0.013000220610256042,0.018307391314745035,1.0,0.057185917586570545
bracket_nearest,66,0.1,77124608,32270848,0.4,30.0,0.03334824696638628,0.03657570558935961,1.0,0.07737073645967607
bracket_nearest,66,0.2,77124608,32270848,0.4,30.0,0.036481446655744244,0.03913668999420663,1.0,0.07915877684012806
bracket_nearest,66,0.5,77124608,32270848,0.4,30.0,0.026764066850401735,0.03139192695662266,1.0,0.0659529508266199
bracket_nearest,67,0.05,77124608,32270848,0.6,30.0,0.024461160687747688,0.030838738360454372,1.0,0.080293977588898
bracket_nearest,67,0.1,77124608,32270848,0.6,30.0,0.04629595671052408,0.05046959727115897,1.0,0.10123043037632673
bracket_nearest,67,0.2,77124608,32270848,0.6,30.0,0.043876809926775,0.04803681328862923,1.0,0.09818126963909579
bracket_nearest,67,0.5,77124608,32270848,0.6,30.0,0.027880768366055526,0.03307536634018365,1.0,0.06965620987626786
bracket_nearest,68,0.05,77124608,32270848,0.8,30.0,0.01799196256786554,0.018705459396402564,1.0,0.029137144379944413
bracket_nearest,68,0.1,77124608,32270848,0.8,30.0,0.0163017931268053,0.020913965913820148,1.0,0.05657748373888749
bracket_nearest,68,0.2,77124608,32270848,0.8,30.0,0.023568416574760144,0.026697357157841474,1.0,0.061196360015928875
bracket_nearest,68,0.5,77124608,32270848,0.8,30.0,0.017602017446522636,0.02219476011083007,1.0,0.04938866181912216
bracket_nearest,69,0.05,77124608,32270848,1.0,30.0,0.022283727439501817,0.023830828713302336,1.0,0.04330678896890894
bracket_nearest,69,0.1,77124608,32270848,1.0,30.0,0.009820147954356562,0.017395857105546596,1.0,0.056288419426534286
bracket_nearest,69,0.2,77124608,32270848,1.0,30.0,0.0160128580440206,0.022991812157376165,1.0,0.06494621039695914
bracket_nearest,69,0.5,77124608,32270848,1.0,30.0,0.02170203927453427,0.027859888878759054,1.0,0.06286766420027279
bracket_nearest,70,0.05,134561280,32270848,0.2,10.0,0.02584798010303283,0.04166855707687395,1.0,0.04865634169695854
bracket_nearest,70,0.1,134561280,32270848,0.2,10.0,0.021810347885227784,0.02367106051481751,1.0,0.03509825543043843
bracket_nearest,70,0.2,134561280,32270848,0.2,10.0,0.01777247063372665,0.01917876202104309,1.0,0.035747352828074286
bracket_nearest,70,0.5,134561280,32270848,0.2,10.0,0.02995944106280271,0.034725275486300757,1.0,0.06796585488018336
bracket_nearest,71,0.05,134561280,32270848,0.4,10.0,0.06101446312894471,0.0631153930680242,1.0,0.026085794357888492
bracket_nearest,71,0.1,134561280,32270848,0.4,10.0,0.029659597513648727,0.03118605279147408,1.0,0.013535763551289604
bracket_nearest,71,0.2,134561280,32270848,0.4,10.0,0.011880059059663967,0.01618903925024696,1.0,0.0011552355510857648
bracket_nearest,71,0.5,134561280,32270848,0.4,10.0,0.008582176845505229,0.01016302709295696,1.0,0.017940932133686083
bracket_nearest,72,0.05,134561280,32270848,1.0,10.0,0.05279602139935384,0.056713731857780204,1.0,0.020035779504702367
bracket_nearest,72,0.1,134561280,32270848,1.0,10.0,0.020266833213523128,0.021838242735718976,1.0,0.016460877076147185
bracket_nearest,72,0.2,134561280,32270848,1.0,10.0,0.017185548832396008,0.022311764867600142,1.0,0.05089559921175457
bracket_nearest,72,0.5,134561280,32270848,1.0,10.0,0.025480058570902762,0.02752989862748827,1.0,0.04690616203044229
bracket_nearest,73,0.05,134561280,32270848,0.2,20.0,0.04989566277915474,0.05533217738968785,1.0,0.01283221254843947
bracket_nearest,73,0.1,134561280,32270848,0.2,20.0,0.05111701685233174,0.055243829506854504,1.0,0.01110488890266259
bracket_nearest,73,0.2,134561280,32270848,0.2,20.0,0.029584577339211236,0.031617312272786094,1.0,0.025214502151952534
bracket_nearest,73,0.5,134561280,32270848,0.2,20.0,0.01403890613176111,0.018764429942521733,1.0,0.04410475749421061
bracket_nearest,74,0.05,134561280,32270848,0.4,20.0,0.05030737485232251,0.05133009720152487,1.0,0.02263075820612248
bracket_nearest,74,0.1,134561280,32270848,0.4,20.0,0.017210898230083715,0.021006598559853186,1.0,0.0008909489075692445
bracket_nearest,74,0.2,134561280,32270848,0.4,20.0,0.011216768843972932,0.013599512471105503,1.0,0.012109671709267023
bracket_nearest,74,0.5,134561280,32270848,0.4,20.0,0.02264375581635685,0.024849438703153304,1.0,0.00733932165504636
bracket_nearest,75,0.05,134561280,32270848,1.0,20.0,0.06823807006022546,0.0706506949455448,1.0,0.024486571576445293
bracket_nearest,75,0.1,134561280,32270848,1.0,20.0,0.02379001323584332,0.02520753957786856,1.0,0.016627342956248903
bracket_nearest,75,0.2,134561280,32270848,1.0,20.0,0.012462249238133563,0.017596716533892328,1.0,0.04630336639376709
bracket_nearest,75,0.5,134561280,32270848,1.0,20.0,0.009495577217122918,0.013800442506253086,1.0,0.03319831336888868
bracket_nearest,76,0.05,134561280,32270848,0.2,30.0,0.0698894731690303,0.07256901502351402,1.0,0.009835989702875692
bracket_nearest,76,0.1,134561280,32270848,0.2,30.0,0.04980400015773808,0.052028628130983946,1.0,0.0020776484598910017
bracket_nearest,76,0.2,134561280,32270848,0.2,30.0,0.03293311557929992,0.034844085729024296,1.0,0.00991196815330353
bracket_nearest,76,0.5,134561280,32270848,0.2,30.0,0.021361265391161337,0.02281105212398394,1.0,0.02329079523207289
bracket_nearest,77,0.05,134561280,32270848,0.4,30.0,0.027808447566310637,0.029498929947239814,1.0,0.010674973909055696
bracket_nearest,77,0.1,134561280,32270848,0.4,30.0,0.009023691227012859,0.011687067579286396,1.0,0.03440981758276784
bracket_nearest,77,0.2,134561280,32270848,0.4,30.0,0.011841238871291591,0.01653672587698837,1.0,0.04608512360406869
bracket_nearest,77,0.5,134561280,32270848,0.4,30.0,0.01112001387433027,0.015598839783017508,1.0,0.04023221378839015
bracket_nearest,78,0.05,134561280,32270848,1.0,30.0,0.05523751900844582,0.0575842511880775,1.0,0.0033786430812718926
bracket_nearest,78,0.1,134561280,32270848,1.0,30.0,0.03332577192301094,0.03532673284785147,1.0,0.0116995198430494
bracket_nearest,78,0.2,134561280,32270848,1.0,30.0,0.021504145051329117,0.02246896946556208,1.0,0.024491597161009127
bracket_nearest,78,0.5,134561280,32270848,1.0,30.0,0.016275940441537264,0.017482581839674598,1.0,0.0326491081402851
bracket_nearest,79,0.05,287183360,32270848,0.2,10.0,0.08279568483623671,0.08865619921992215,0.8527131782945736,0.15407535333950362
bracket_nearest,79,0.1,287183360,32270848,0.2,10.0,0.0687799232908135,0.07624810314257961,0.808695652173913,0.13952380997204994
bracket_nearest,79,0.2,287183360,32270848,0.2,10.0,0.07520127525894504,0.08046753093876145,0.5922330097087378,0.1388375468352987
bracket_nearest,79,0.5,287183360,32270848,0.2,10.0,0.0757154835931652,0.07874210649935824,0.234375,0.12137033522548113
bracket_nearest,80,0.05,287183360,32270848,0.4,10.0,0.05544190963146376,0.06431400513268076,0.8992248062015504,0.12128022559555451
bracket_nearest,80,0.1,287183360,32270848,0.4,10.0,0.06850473241377401,0.07327767301110205,0.8608695652173913,0.12146660325213987
bracket_nearest,80,0.2,287183360,32270848,0.4,10.0,0.06888744130063723,0.07156181192221445,0.8155339805825242,0.11647100871837446
bracket_nearest,80,0.5,287183360,32270848,0.4,10.0,0.056904384023896484,0.059523748971443094,0.671875,0.09528974145962388
bracket_nearest,81,0.05,287183360,32270848,1.0,10.0,0.0399106378573817,0.05018383724558646,1.0,0.10416368605249904
bracket_nearest,81,0.1,287183360,32270848,1.0,10.0,0.049109600824136845,0.05833673789292686,1.0,0.10892474005237518
bracket_nearest,81,0.2,287183360,32270848,1.0,10.0,0.05598890013391022,0.062335946123387706,1.0,0.10918226692916844
bracket_nearest,81,0.5,287183360,32270848,1.0,10.0,0.04230084350038672,0.04596282395784543,1.0,0.07832376754520176
bracket_nearest,82,0.05,287183360,32270848,0.2,20.0,0.07800270882776277,0.0897742958174779,0.813953488372093,0.162368475867549
bracket_nearest,82,0.1,287183360,32270848,0.2,20.0,0.08828491742832895,0.0964358015175669,0.5217391304347826,0.16296108105157803
bracket_nearest,82,0.2,287183360,32270848,0.2,20.0,0.08952110086756747,0.09469287637963048,0.2815533980582524,0.15473229564926916
bracket_nearest,82,0.5,287183360,32270848,0.2,20.0,0.07932816674992181,0.08216651727450136,0.28125,0.12469707642992689
bracket_nearest,83,0.05,287183360,32270848,0.4,20.0,0.09714528700675372,0.10775349328210938,0.8372093023255814,0.17530756156521354
bracket_nearest,83,0.1,287183360,32270848,0.4,20.0,0.09971020164972429,0.10625988591514231,0.8,0.16902859499391454
bracket_nearest,83,0.2,287183360,32270848,0.4,20.0,0.08568863970163342,0.09056128673033506,0.7766990291262136,0.14974231755214928
bracket_nearest,83,0.5,287183360,32270848,0.4,20.0,0.06370153064018476,0.06659184167853005,0.6875,0.10609369572028426
bracket_nearest,84,0.05,287183360,32270848,1.0,20.0,0.06103978353036406,0.0706480629241228,1.0,0.13074631628424171
bracket_nearest,84,0.1,287183360,32270848,1.0,20.0,0.07125170945571553,0.0780371559105514,1.0,0.1331999764572993
bracket_nearest,84,0.2,287183360,32270848,1.0,20.0,0.06292422106793732,0.06928121827249215,0.9805825242718447,0.12297169620454795
bracket_nearest,84,0.5,287183360,32270848,1.0,20.0,0.04811026188001464,0.0512436851759805,0.921875,0.08531023481959621
bracket_nearest,85,0.05,287183360,32270848,0.2,30.0,0.10244090252388967,0.11159063749223472,0.6434108527131783,0.18474903189113667
bracket_nearest,85,0.1,287183360,32270848,0.2,30.0,0.10790866756707972,0.11438653764160348,0.2782608695652174,0.18105158713952352
bracket_nearest,85,0.2,287183360,32270848,0.2,30.0,0.10503759022669024,0.10957690249802518,0.11650485436893204,0.16983053305296814
bracket_nearest,85,0.5,287183360,32270848,0.2,30.0,0.08943328711422732,0.09186404755270564,0.046875,0.13386144758637109
bracket_nearest,86,0.05,287183360,32270848,0.4,30.0,0.1362260205660827,0.1458947580196021,0.5891472868217055,0.22599175594219623
bracket_nearest,86,0.1,287183360,32270848,0.4,30.0,0.12590928807546284,0.13253867543097023,0.48695652173913045,0.20428984871364841
bracket_nearest,86,0.2,287183360,32270848,0.4,30.0,0.11022882288262902,0.11490988028141932,0.4174757281553398,0.17796376724130325
bracket_nearest,86,0.5,287183360,32270848,0.4,30.0,0.08254687151254139,0.08494705053145984,0.40625,0.12526521633619048
bracket_nearest,87,0.05,287183360,32270848,1.0,30.0,0.0984935551091773,0.10336230176343322,0.8914728682170543,0.16320290484426936
bracket_nearest,87,0.1,287183360,32270848,1.0,30.0,0.09853906959518087,0.10324837280040691,0.8347826086956521,0.1618400595520626
bracket_nearest,87,0.2,287183360,32270848,1.0,30.0,0.08435363018330873,0.08892675095583573,0.8155339805825242,0.14366903542492326
bracket_nearest,87,0.5,287183360,32270848,1.0,30.0,0.06022060287046142,0.062823932435165,0.75,0.09788884460188818
bracket_nearest,89,0.05,134561280,77124608,0.2,10.0,0.029673159482054963,0.03561524053191812,1.0,0.035203464365808124
bracket_nearest,89,0.1,134561280,77124608,0.2,10.0,0.029338116886152062,0.03256550108143444,1.0,0.029943929129762292
bracket_nearest,89,0.2,134561280,77124608,0.2,10.0,0.01976259328518328,0.02159878909801626,1.0,0.031809813535217835
bracket_nearest,89,0.5,134561280,77124608,0.2,10.0,0.036762100358114905,0.04016492597022032,1.0,0.0735848521371476
bracket_nearest,90,0.05,134561280,77124608,0.4,10.0,0.04062540687117828,0.04511298442870886,1.0,0.007092410500199708
bracket_nearest,90,0.1,134561280,77124608,0.4,10.0,0.028606892815141456,0.031140862721680686,1.0,0.01579396464588889
bracket_nearest,90,0.2,134561280,77124608,0.4,10.0,0.011328996856300268,0.01391789046329774,1.0,0.03830560126369709
bracket_nearest,90,0.5,134561280,77124608,0.4,10.0,0.010182562497879116,0.016727725726840666,1.0,0.04146395177497175
bracket_nearest,91,0.05,134561280,77124608,1.0,10.0,0.02256232010392519,0.025178154106302694,1.0,0.016853764432134488
bracket_nearest,91,0.1,134561280,77124608,1.0,10.0,0.022965170895260463,0.025273359820318024,1.0,0.010742316141603814
bracket_nearest,91,0.2,134561280,77124608,1.0,10.0,0.00988590172589338,0.011809129993601482,1.0,0.030515551380172923
bracket_nearest,91,0.5,134561280,77124608,1.0,10.0,0.012866262971458806,0.018509742489654864,1.0,0.04239752092567661
bracket_nearest,92,0.05,134561280,77124608,0.2,20.0,0.0344543020875885,0.03809181718807407,1.0,0.03366950001963542
bracket_nearest,92,0.1,134561280,77124608,0.2,20.0,0.037397801937280865,0.04067540671838798,1.0,0.026730025920203015
bracket_nearest,92,0.2,134561280,77124608,0.2,20.0,0.015721444854236908,0.01819408708155704,1.0,0.04411183090467574
bracket_nearest,92,0.5,134561280,77124608,0.2,20.0,0.025712035801030184,0.03252473700885603,1.0,0.06903838185631428
bracket_nearest,93,0.05,134561280,77124608,0.4,20.0,0.04925971562184802,0.054160026802241905,1.0,0.00317380463775363
bracket_nearest,93,0.1,134561280,77124608,0.4,20.0,0.01838483416007655,0.019654471423355187,1.0,0.03618647043517598
bracket_nearest,93,0.2,134561280,77124608,0.4,20.0,0.012219470716613902,0.019628047512116716,1.0,0.05599519925742369
bracket_nearest,93,0.5,134561280,77124608,0.4,20.0,0.0118601489946729,0.019640527143770084,1.0,0.04686437138333899
bracket_nearest,94,0.05,134561280,77124608,1.0,20.0,0.0363124830044675,0.040443888960564854,1.0,0.004348299380091181
bracket_nearest,94,0.1,134561280,77124608,1.0,20.0,0.025609556581330642,0.02778802566885977,1.0,0.014338689119827164
bracket_nearest,94,0.2,134561280,77124608,1.0,20.0,0.012228085518923794,0.014554797169746378,1.0,0.035917107830054196
bracket_nearest,94,0.5,134561280,77124608,1.0,20.0,0.01434662812245006,0.0209972554987455,1.0,0.047740626312070544
bracket_nearest,95,0.05,134561280,77124608,0.2,30.0,0.02368142914057003,0.0269053327489483,1.0,0.048065659405603256
bracket_nearest,95,0.1,134561280,77124608,0.2,30.0,0.024729491318111623,0.026395996042274026,1.0,0.03698620875384773
bracket_nearest,95,0.2,134561280,77124608,0.2,30.0,0.011383995905858136,0.0163737589963368,1.0,0.04820710154173824
bracket_nearest,95,0.5,134561280,77124608,0.2,30.0,0.024310305509979244,0.029992514619257605,1.0,0.06350958632674653
bracket_nearest,96,0.05,134561280,77124608,0.4,30.0,0.028976466648229282,0.03232285519844023,1.0,0.023330239037290257
bracket_nearest,96,0.1,134561280,77124608,0.4,30.0,0.021256375126808825,0.022721994641398093,1.0,0.03186158615915424
bracket_nearest,96,0.2,134561280,77124608,0.4,30.0,0.010718355708187629,0.016612280491582195,1.0,0.04904985146116503
bracket_nearest,96,0.5,134561280,77124608,0.4,30.0,0.016394053330598724,0.023893030246095362,1.0,0.054989992024321754
bracket_nearest,97,0.05,134561280,77124608,1.0,30.0,0.018277232668374676,0.019542565986414885,1.0,0.03300484483806265
bracket_nearest,97,0.1,134561280,77124608,1.0,30.0,0.011681390304883403,0.013633991361930532,1.0,0.035442018464683755
bracket_nearest,97,0.2,134561280,77124608,1.0,30.0,0.013848944060642234,0.018542515968113554,1.0,0.049720216096425185
bracket_nearest,97,0.5,134561280,77124608,1.0,30.0,0.023530796226606063,0.027928353405727663,1.0,0.05669127901615223
bracket_nearest,98,0.05,287183360,77124608,0.2,10.0,0.11012669762184454,0.11379727773211804,0.875968992248062,0.17977735705838405
bracket_nearest,98,0.1,287183360,77124608,0.2,10.0,0.07219104549461022,0.07911879610522367,0.8434782608695652,0.144861666499136
bracket_nearest,98,0.2,287183360,77124608,0.2,10.0,0.06322537907624405,0.07043834569633463,0.7475728155339806,0.1333490337411094
bracket_nearest,98,0.5,287183360,77124608,0.2,10.0,0.06802442544560248,0.07218034490815031,0.53125,0.11753106174756156
bracket_nearest,99,0.05,287183360,77124608,0.4,10.0,0.030276878770958582,0.03955418013343276,1.0,0.10009860209149513
bracket_nearest,99,0.1,287183360,77124608,0.4,10.0,0.04021117809058873,0.05074644499543875,0.9043478260869565,0.1113399157859516
bracket_nearest,99,0.2,287183360,77124608,0.4,10.0,0.047816234559601975,0.0555724474841136,0.8446601941747572,0.11021021018019628
bracket_nearest,99,0.5,287183360,77124608,0.4,10.0,0.05329405277201739,0.056495865755738985,0.671875,0.09327489712937487
bracket_nearest,100,0.05,287183360,77124608,1.0,10.0,0.022326855554755016,0.029411109280285345,1.0,0.07484293182160418
bracket_nearest,100,0.1,287183360,77124608,1.0,10.0,0.02786919959487495,0.035516427120508384,1.0,0.08292780367944363
bracket_nearest,100,0.2,287183360,77124608,1.0,10.0,0.03361208571030076,0.042696710813703534,1.0,0.09129555729022854
bracket_nearest,100,0.5,287183360,77124608,1.0,10.0,0.046414640791036146,0.050657049690837855,0.75,0.0859758269520361
bracket_nearest,101,0.05,287183360,77124608,0.2,20.0,0.07903844094965755,0.09066142144925865,0.8294573643410853,0.1655875687796169
bracket_nearest,101,0.1,287183360,77124608,0.2,20.0,0.07624557613686131,0.08640208182692831,0.4608695652173913,0.15636236510983337
bracket_nearest,101,0.2,287183360,77124608,0.2,20.0,0.0811919337351344,0.08821767183460082,0.2621359223300971,0.15169612334823412
bracket_nearest,101,0.5,287183360,77124608,0.2,20.0,0.07523554958686979,0.07861654191169332,0.234375,0.12231587541510192
bracket_nearest,102,0.05,287183360,77124608,0.4,20.0,0.059803300359766956,0.07201850172566465,0.8527131782945736,0.14431872538477686
bracket_nearest,102,0.1,287183360,77124608,0.4,20.0,0.07362852887793757,0.08382734257591333,0.7565217391304347,0.15285915683186513
bracket_nearest,102,0.2,287183360,77124608,0.4,20.0,0.07386383254435339,0.08104615811657385,0.6213592233009708,0.14359059677712382
bracket_nearest,102,0.5,287183360,77124608,0.4,20.0,0.06877295541652756,0.07174433118824972,0.390625,0.1118553359014689
bracket_nearest,103,0.05,287183360,77124608,1.0,20.0,0.03978789073712722,0.04893496552621227,1.0,0.10793713850642073
bracket_nearest,103,0.1,287183360,77124608,1.0,20.0,0.04827556275861298,0.05845263995930839,0.9304347826086956,0.11860337402982157
bracket_nearest,103,0.2,287183360,77124608,1.0,20.0,0.0539663652867198,0.06318234856639683,0.8737864077669902,0.12027283969461511
bracket_nearest,103,0.5,287183360,77124608,1.0,20.0,0.05350020013718294,0.05713040491419654,0.734375,0.09412399788292358
bracket_nearest,104,0.05,287183360,77124608,0.2,30.0,0.09938459571126178,0.10874998396582608,0.5736434108527132,0.1837987364861413
bracket_nearest,104,0.1,287183360,77124608,0.2,30.0,0.09867216320395154,0.10648979407040705,0.23478260869565218,0.1760229498692767
bracket_nearest,104,0.2,287183360,77124608,0.2,30.0,0.09653077647411536,0.10229287495452048,0.14563106796116504,0.16553911919115172
bracket_nearest,104,0.5,287183360,77124608,0.2,30.0,0.08211145846621609,0.08514387996806129,0.125,0.12863198293669265
bracket_nearest,105,0.05,287183360,77124608,0.4,30.0,0.08350998710376659,0.0953815577837002,0.6821705426356589,0.1712751988137171
bracket_nearest,105,0.1,287183360,77124608,0.4,30.0,0.09477559029716923,0.10306299892031828,0.43478260869565216,0.17417768342287743
bracket_nearest,105,0.2,287183360,77124608,0.4,30.0,0.0923890697590059,0.0982638560940598,0.3106796116504854,0.16181402642788
bracket_nearest,105,0.5,287183360,77124608,0.4,30.0,0.08181884070010988,0.08450356116085625,0.078125,0.1259911579883064
bracket_nearest,106,0.05,287183360,77124608,0.6,30.0,0.08676781322960357,0.09888179108363308,0.689922480620155,0.17696976384224672
bracket_nearest,106,0.1,287183360,77124608,0.6,30.0,0.09795908344705354,0.106600077526561,0.4956521739130435,0.17957781321082988
bracket_nearest,106,0.2,287183360,77124608,0.6,30.0,0.09270870408926903,0.09913334464149429,0.4077669902912621,0.16438726660809344
bracket_nearest,106,0.5,287183360,77124608,0.6,30.0,0.0785533317572402,0.08152220369001974,0.21875,0.12342528686325815
bracket_nearest,107,0.05,287183360,77124608,0.8,30.0,0.06433258443356915,0.07670016638266798,0.8294573643410853,0.1469417772248398
bracket_nearest,107,0.1,287183360,77124608,0.8,30.0,0.08013315631208857,0.08922541988927915,0.6695652173913044,0.15675652645400961
bracket_nearest,107,0.2,287183360,77124608,0.8,30.0,0.0805264936609776,0.08705099847991644,0.5436893203883495,0.1483966468570972
bracket_nearest,107,0.5,287183360,77124608,0.8,30.0,0.07056555513008954,0.07354466771675215,0.390625,0.11313137257251649
bracket_nearest,108,0.05,287183360,77124608,1.0,30.0,0.06281845300818403,0.07448613689323919,0.875968992248062,0.1397491301629028
bracket_nearest,108,0.1,287183360,77124608,1.0,30.0,0.07210791031240402,0.08071471790411261,0.808695652173913,0.14260782604507005
bracket_nearest,108,0.2,287183360,77124608,1.0,30.0,0.07430434467743685,0.08041000374672014,0.7572815533980582,0.1372751316211709
bracket_nearest,108,0.5,287183360,77124608,1.0,30.0,0.06412442383733209,0.0670461929858823,0.640625,0.10450267228418131
