policy,obs_frac,t_target,query_target_N,n_configs,spearman_rho,kendall_tau,spearman_p,kendall_p
all_lower_only,0.05,0.1,77124608,24,0.8921739130434782,0.7391304347826086,4.757173412170351e-09,1.5539029608017707e-08
all_lower_only,0.05,0.1,134561280,27,0.9371184371184371,0.8176638176638178,6.246291219449484e-13,1.9346383725519378e-12
all_lower_only,0.05,0.1,287183360,35,0.9316526610644258,0.7915966386554621,4.560438178137088e-16,2.2489349526820447e-11
all_lower_only,0.05,0.1,610488320,8,0.5000000000000001,0.42857142857142855,0.20703124999999997,0.17886904761904762
all_lower_only,0.05,0.2,77124608,24,0.8608695652173911,0.6956521739130435,6.749197195108882e-08,1.800588368372513e-07
all_lower_only,0.05,0.2,134561280,27,0.9273504273504273,0.7891737891737892,3.5993379324743603e-12,2.5602158947328486e-11
all_lower_only,0.05,0.2,287183360,35,0.9179271708683474,0.7579831932773109,8.420065107501343e-15,1.505213765630304e-10
all_lower_only,0.05,0.2,610488320,8,0.7142857142857144,0.5714285714285714,0.04652823228416724,0.06101190476190476
all_lower_only,0.05,0.3,77124608,24,0.8408695652173912,0.6521739130434783,2.6815316463498965e-07,1.5099399562473112e-06
all_lower_only,0.05,0.3,134561280,27,0.9065934065934066,0.737891737891738,7.425706695838214e-11,1.338401060516753e-09
all_lower_only,0.05,0.3,287183360,35,0.9204481792717087,0.7579831932773109,5.1292373028850665e-15,1.505213765630304e-10
all_lower_only,0.05,0.3,610488320,8,0.7380952380952381,0.4999999999999999,0.03655276105286081,0.10868055555555556
all_lower_only,0.05,0.4,77124608,24,0.7982608695652172,0.6014492753623188,2.9507045111996198e-06,1.2986666549894791e-05
all_lower_only,0.05,0.4,134561280,27,0.8974358974358974,0.720797720797721,2.2716753976255484e-10,4.267454360248289e-09
all_lower_only,0.05,0.4,287183360,35,0.9070028011204482,0.734453781512605,6.091120234099033e-14,5.434125892159657e-10
all_lower_only,0.05,0.4,610488320,8,0.4285714285714286,0.21428571428571427,0.2894032248467901,0.5484126984126985
all_lower_only,0.05,0.5,77124608,24,0.7504347826086956,0.5507246376811594,2.404291401573714e-05,8.3512346907893e-05
all_lower_only,0.05,0.5,134561280,27,0.8937728937728937,0.720797720797721,3.451233720120562e-10,4.267454360248289e-09
all_lower_only,0.05,0.5,287183360,35,0.8907563025210085,0.7109243697478992,7.66453704725565e-13,1.887479230731397e-09
all_lower_only,0.05,0.5,610488320,8,0.3333333333333334,0.21428571428571427,0.4197530864197531,0.5484126984126985
all_lower_only,0.05,0.6,77124608,24,0.7391304347826086,0.536231884057971,3.693134602421657e-05,0.00013569693294094353
all_lower_only,0.05,0.6,134561280,27,0.8766788766788767,0.6923076923076924,2.024908898061233e-09,2.5475539858523437e-08
all_lower_only,0.05,0.6,287183360,35,0.8759103641456584,0.6907563025210084,5.596001574938072e-12,5.321655484534884e-09
all_lower_only,0.05,0.6,610488320,8,0.4761904761904762,0.2857142857142857,0.23293553465009798,0.39875992063492066
all_lower_only,0.05,0.7,77124608,24,0.6947826086956521,0.49275362318840576,0.00016488547980470365,0.0005216703538772646
all_lower_only,0.05,0.7,134561280,27,0.8748473748473748,0.6866096866096868,2.4096879667099946e-09,3.569884931294455e-08
all_lower_only,0.05,0.7,287183360,35,0.8484593837535015,0.6571428571428571,1.2222126314345044e-10,2.811941346133956e-08
all_lower_only,0.05,0.7,610488320,8,0.4761904761904762,0.2857142857142857,0.23293553465009798,0.39875992063492066
all_lower_only,0.05,0.8,77124608,24,0.6626086956521738,0.4710144927536232,0.000418691439708758,0.000966178357791211
all_lower_only,0.05,0.8,134561280,27,0.8675213675213675,0.680911680911681,4.708076914073823e-09,4.971543807736273e-08
all_lower_only,0.05,0.8,287183360,35,0.8397759103641457,0.6470588235294117,2.8629347154136913e-10,4.5629507146046444e-08
all_lower_only,0.05,0.8,610488320,8,0.4285714285714286,0.21428571428571427,0.2894032248467901,0.5484126984126985
all_lower_only,0.05,0.9,77124608,24,0.6521739130434783,0.463768115942029,0.0005535306808586614,0.0011772109119610658
all_lower_only,0.05,0.9,134561280,27,0.8583638583638583,0.680911680911681,1.0308283720488314e-08,4.971543807736273e-08
all_lower_only,0.05,0.9,287183360,35,0.7985994397759104,0.6,8.988482239460619e-09,3.980012680439345e-07
all_lower_only,0.05,0.9,610488320,8,0.5476190476190477,0.3571428571428571,0.1600256425388966,0.27509920634920637
all_lower_only,0.05,1.0,77124608,24,0.6547826086956522,0.463768115942029,0.000516719100681465,0.0011772109119610658
all_lower_only,0.05,1.0,134561280,27,0.854090354090354,0.6695156695156697,1.4588921762772339e-08,9.470679330317369e-08
all_lower_only,0.05,1.0,287183360,35,0.773109243697479,0.5697478991596638,5.2270987634511975e-08,1.477275091262034e-06
all_lower_only,0.05,1.0,610488320,8,0.5952380952380953,0.3571428571428571,0.11952980613879259,0.27509920634920637
all_lower_only,0.1,0.2,77124608,24,0.9469565217391304,0.8333333333333333,2.519266865368467e-12,1.5717331021738638e-11
all_lower_only,0.1,0.2,134561280,27,0.9768009768009768,0.9088319088319089,2.9919910022706426e-18,2.4349084826599103e-17
all_lower_only,0.1,0.2,287183360,35,0.9582633053221289,0.838655462184874,1.6264154058215474e-19,1.3753172039778349e-12
all_lower_only,0.1,0.2,610488320,8,0.8333333333333335,0.7142857142857142,0.01017554012345675,0.014136904761904762
all_lower_only,0.1,0.3,77124608,24,0.9260869565217391,0.7753623188405797,8.781167998950902e-11,1.481533833685504e-09
all_lower_only,0.1,0.3,134561280,27,0.9688644688644688,0.8746438746438747,1.1342840629605936e-16,3.3810397309292323e-15
all_lower_only,0.1,0.3,287183360,35,0.9582633053221289,0.8487394957983193,1.6264154058215474e-19,7.405957647425967e-13
all_lower_only,0.1,0.3,610488320,8,0.8571428571428572,0.7857142857142856,0.006530017254715292,0.005505952380952381
all_lower_only,0.1,0.4,77124608,24,0.8652173913043478,0.6666666666666667,4.8615197967595536e-08,7.672118269836502e-07
all_lower_only,0.1,0.4,134561280,27,0.9682539682539683,0.8575498575498577,1.4411368343791777e-16,2.7804905995585407e-14
all_lower_only,0.1,0.4,287183360,35,0.953501400560224,0.8352941176470589,9.333079650638554e-19,1.6878033296848271e-12
all_lower_only,0.1,0.4,610488320,8,0.4285714285714286,0.2857142857142857,0.2894032248467901,0.39875992063492066
all_lower_only,0.1,0.5,77124608,24,0.8304347826086955,0.6231884057971014,5.122345587687935e-07,5.3693671991590464e-06
all_lower_only,0.1,0.5,134561280,27,0.9603174603174602,0.8347578347578348,2.2461542439515337e-15,3.475527285878393e-13
all_lower_only,0.1,0.5,287183360,35,0.9336134453781514,0.8050420168067227,2.8631106755017275e-16,1.0282904660516836e-11
all_lower_only,0.1,0.5,610488320,8,0.28571428571428575,0.21428571428571427,0.4927262450169573,0.5484126984126985
all_lower_only,0.1,0.6,77124608,24,0.8313043478260868,0.6159420289855072,4.861522291772162e-07,7.252169963045509e-06
all_lower_only,0.1,0.6,134561280,27,0.9511599511599511,0.8176638176638178,2.8645564825242167e-14,1.9346383725519378e-12
all_lower_only,0.1,0.6,287183360,35,0.9285714285714287,0.784873949579832,9.223450770023362e-16,3.31014288887614e-11
all_lower_only,0.1,0.6,610488320,8,0.38095238095238104,0.21428571428571427,0.35181255311756476,0.5484126984126985
all_lower_only,0.1,0.7,77124608,24,0.797391304347826,0.5942028985507246,3.0802048841753575e-06,1.722388428608951e-05
all_lower_only,0.1,0.7,134561280,27,0.9511599511599511,0.8290598290598292,2.8645564825242167e-14,6.25571460678075e-13
all_lower_only,0.1,0.7,287183360,35,0.9120448179271708,0.7546218487394958,2.5230940090817935e-14,1.8124817427729978e-10
all_lower_only,0.1,0.7,610488320,8,0.4761904761904762,0.2857142857142857,0.23293553465009798,0.39875992063492066
all_lower_only,0.1,0.8,77124608,24,0.7991304347826085,0.6014492753623188,2.8260661580014922e-06,1.2986666549894791e-05
all_lower_only,0.1,0.8,134561280,27,0.9456654456654456,0.8062678062678064,1.0539292626751158e-13,5.650092007351314e-12
all_lower_only,0.1,0.8,287183360,35,0.8997198879551822,0.7378151260504202,1.9990924607924016e-13,4.5342987505741183e-10
all_lower_only,0.1,0.8,610488320,8,0.4761904761904762,0.2857142857142857,0.23293553465009798,0.39875992063492066
all_lower_only,0.1,0.9,77124608,24,0.7730434782608695,0.5797101449275361,9.492623353144855e-06,2.9783823595775196e-05
all_lower_only,0.1,0.9,134561280,27,0.9346764346764347,0.7834757834757836,9.923064590195976e-13,4.137650647362464e-11
all_lower_only,0.1,0.9,287183360,35,0.8672268907563027,0.6873949579831933,1.597077830049153e-11,6.3078066415107675e-09
all_lower_only,0.1,0.9,610488320,8,0.4285714285714286,0.2857142857142857,0.2894032248467901,0.39875992063492066
all_lower_only,0.1,1.0,77124608,24,0.7556521739130433,0.5652173913043478,1.957281883302767e-05,5.039225984314531e-05
all_lower_only,0.1,1.0,134561280,27,0.9310134310134309,0.7834757834757836,1.9235557858865975e-12,4.137650647362464e-11
all_lower_only,0.1,1.0,287183360,35,0.8408963585434175,0.6638655462184874,2.5724838903541784e-10,2.0283503167073148e-08
all_lower_only,0.1,1.0,610488320,8,0.38095238095238104,0.21428571428571427,0.35181255311756476,0.5484126984126985
all_lower_only,0.2,0.3,77124608,24,0.9643478260869565,0.8768115942028986,3.4558658070988553e-14,2.0944279884835788e-13
all_lower_only,0.2,0.3,134561280,27,0.9810744810744811,0.8974358974358976,2.402477267886317e-19,1.428218025437205e-16
all_lower_only,0.2,0.3,287183360,35,0.9669467787114847,0.8453781512605042,3.6960486211763835e-21,9.110298622718748e-13
all_lower_only,0.2,0.3,610488320,8,0.9285714285714287,0.7857142857142856,0.0008629681828999769,0.005505952380952381
all_lower_only,0.2,0.4,77124608,24,0.9495652173913043,0.8478260869565217,1.4644153248304371e-12,4.1409614708213e-12
all_lower_only,0.2,0.4,134561280,27,0.9810744810744811,0.8974358974358976,2.402477267886317e-19,1.428218025437205e-16
all_lower_only,0.2,0.4,287183360,35,0.9652661064425769,0.838655462184874,8.274209564832072e-21,1.3753172039778349e-12
all_lower_only,0.2,0.4,610488320,8,0.523809523809524,0.3571428571428571,0.18272075053971484,0.27509920634920637
all_lower_only,0.2,0.5,77124608,24,0.9391304347826085,0.8115942028985507,1.1034610116370757e-11,9.883108561864623e-11
all_lower_only,0.2,0.5,134561280,27,0.9713064713064712,0.8689458689458691,4.140366890617862e-17,6.9812495245801095e-15
all_lower_only,0.2,0.5,287183360,35,0.9532212885154063,0.8151260504201681,1.0283841976123538e-18,5.670380006915891e-12
all_lower_only,0.2,0.5,610488320,8,0.38095238095238104,0.3571428571428571,0.35181255311756476,0.27509920634920637
all_lower_only,0.2,0.6,77124608,24,0.9434782608695651,0.8188405797101449,4.984286809250041e-12,5.4621594722448636e-11
all_lower_only,0.2,0.6,134561280,27,0.9700854700854701,0.8632478632478634,6.924794434688938e-17,1.4085091086256661e-14
all_lower_only,0.2,0.6,287183360,35,0.9394957983193277,0.8016806722689076,6.474267044574617e-17,1.2519770958201836e-11
all_lower_only,0.2,0.6,610488320,8,0.09523809523809526,0.14285714285714285,0.8225054302036114,0.7195436507936508
all_lower_only,0.2,0.7,77124608,24,0.9339130434782608,0.7971014492753623,2.6604350278709726e-11,3.0647335684338345e-10
all_lower_only,0.2,0.7,134561280,27,0.963980463980464,0.851851851851852,6.827855622727612e-16,5.37720951425131e-14
all_lower_only,0.2,0.7,287183360,35,0.9210084033613446,0.7714285714285715,4.584095989278816e-15,7.103414675348589e-11
all_lower_only,0.2,0.7,610488320,8,0.09523809523809526,0.14285714285714285,0.8225054302036114,0.7195436507936508
all_lower_only,0.2,0.8,77124608,24,0.9339130434782608,0.7971014492753623,2.6604350278709726e-11,3.0647335684338345e-10
all_lower_only,0.2,0.8,134561280,27,0.9578754578754578,0.8404558404558405,4.676139479952181e-15,1.8992172603122356e-13
all_lower_only,0.2,0.8,287183360,35,0.9100840336134455,0.7478991596638656,3.5764076440359514e-14,2.6217798223931406e-10
all_lower_only,0.2,0.8,610488320,8,0.09523809523809526,0.14285714285714285,0.8225054302036114,0.7195436507936508
all_lower_only,0.2,0.9,77124608,24,0.9391304347826085,0.8043478260869565,1.1034610116370757e-11,1.7556002419973754e-10
all_lower_only,0.2,0.9,134561280,27,0.9499389499389499,0.8176638176638178,3.87454230577264e-14,1.9346383725519378e-12
all_lower_only,0.2,0.9,287183360,35,0.8798319327731092,0.7142857142857143,3.395662758482941e-12,1.5836465991868992e-09
all_lower_only,0.2,0.9,610488320,8,-0.023809523809523815,0.0,0.9553740118158807,1.0
all_lower_only,0.2,1.0,77124608,24,0.9495652173913043,0.8043478260869565,1.4644153248304371e-12,1.7556002419973754e-10
all_lower_only,0.2,1.0,134561280,27,0.9462759462759464,0.8005698005698006,9.181536546192265e-14,9.465582296064829e-12
all_lower_only,0.2,1.0,287183360,35,0.8680672268907562,0.6873949579831933,1.4476468442728063e-11,6.3078066415107675e-09
all_lower_only,0.2,1.0,610488320,8,0.0,0.07142857142857142,1.0,0.9048611111111111
all_lower_only,0.5,0.6,77124608,24,0.9626086956521739,0.8695652173913043,5.788561169509911e-14,4.617294042497529e-13
all_lower_only,0.5,0.6,134561280,27,0.9609279609279608,0.8404558404558405,1.8565580023501558e-15,1.8992172603122356e-13
all_lower_only,0.5,0.6,287183360,35,0.919327731092437,0.7579831932773109,6.406020551661118e-15,1.505213765630304e-10
all_lower_only,0.5,0.6,610488320,8,0.3571428571428572,0.2857142857142857,0.38512064355625636,0.39875992063492066
all_lower_only,0.5,0.7,77124608,24,0.9660869565217389,0.8695652173913043,2.0098298746764903e-14,4.617294042497529e-13
all_lower_only,0.5,0.7,134561280,27,0.963980463980464,0.8461538461538463,6.827855622727612e-16,1.0199007870930147e-13
all_lower_only,0.5,0.7,287183360,35,0.8974789915966387,0.7176470588235293,2.829774235582448e-13,1.3276766778249263e-09
all_lower_only,0.5,0.7,610488320,8,0.3571428571428572,0.2857142857142857,0.38512064355625636,0.39875992063492066
all_lower_only,0.5,0.8,77124608,24,0.9556521739130434,0.8478260869565217,3.66096510178676e-13,4.1409614708213e-12
all_lower_only,0.5,0.8,134561280,27,0.9578754578754578,0.8290598290598292,4.676139479952181e-15,6.25571460678075e-13
all_lower_only,0.5,0.8,287183360,35,0.8750700280112044,0.6840336134453782,6.214665240579987e-12,7.470824316982458e-09
all_lower_only,0.5,0.8,610488320,8,0.3571428571428572,0.2857142857142857,0.38512064355625636,0.39875992063492066
all_lower_only,0.5,0.9,77124608,24,0.9556521739130434,0.8405797101449275,3.66096510178676e-13,8.162701588245023e-12
all_lower_only,0.5,0.9,134561280,27,0.9548229548229549,0.8233618233618234,1.1027462346338171e-14,1.1083958044590423e-12
all_lower_only,0.5,0.9,287183360,35,0.8714285714285716,0.6773109243697478,9.706275767949789e-12,1.0455016807787079e-08
all_lower_only,0.5,0.9,610488320,8,-0.28571428571428575,-0.14285714285714285,0.4927262450169573,0.7195436507936508
all_lower_only,0.5,1.0,77124608,24,0.946086956521739,0.8260869565217391,3.000427331585604e-12,2.960503200513917e-11
all_lower_only,0.5,1.0,134561280,27,0.9499389499389499,0.8062678062678064,3.87454230577264e-14,5.650092007351314e-12
all_lower_only,0.5,1.0,287183360,35,0.8904761904761905,0.6974789915966386,7.978142704061533e-13,3.7788428449407655e-09
all_lower_only,0.5,1.0,610488320,8,-0.30952380952380953,-0.21428571428571427,0.4556448907375822,0.5484126984126985
bracket_nearest,0.05,0.1,77124608,24,0.9339130434782608,0.8188405797101449,2.6604350278709726e-11,5.4621594722448636e-11
bracket_nearest,0.05,0.1,134561280,27,0.9786324786324787,0.9031339031339033,1.0809166955435103e-18,6.001690963784048e-17
bracket_nearest,0.05,0.1,287183360,35,0.9571428571428572,0.8319327731092436,2.49713633083117e-19,2.069649255260139e-12
bracket_nearest,0.05,0.2,77124608,24,0.9199999999999999,0.7898550724637681,2.037424643847237e-10,5.262488855310654e-10
bracket_nearest,0.05,0.2,134561280,27,0.9487179487179487,0.8119658119658121,5.201773821360526e-14,3.3288427604530016e-12
bracket_nearest,0.05,0.2,287183360,35,0.9221288515406163,0.7714285714285715,3.652309607471473e-15,7.103414675348589e-11
bracket_nearest,0.05,0.3,77124608,24,0.9226086956521738,0.7608695652173914,1.4324486487633293e-10,3.940740132129514e-09
bracket_nearest,0.05,0.3,134561280,27,0.927960927960928,0.7663817663817665,3.249886024107088e-12,1.6375435059719837e-10
bracket_nearest,0.05,0.3,287183360,35,0.9112044817927171,0.7445378151260504,2.932888370981799e-14,3.1495133515640004e-10
bracket_nearest,0.05,0.4,77124608,24,0.8843478260869565,0.7028985507246377,9.90193584631208e-09,1.2265451832839693e-07
bracket_nearest,0.05,0.4,134561280,27,0.9310134310134309,0.7777777777777779,1.9235557858865975e-12,6.613675059372243e-11
bracket_nearest,0.05,0.4,287183360,35,0.9044817927170868,0.7378151260504202,9.289956147632784e-14,4.5342987505741183e-10
bracket_nearest,0.05,0.5,77124608,24,0.8495652173913043,0.6449275362318841,1.5081980924883657e-07,2.0950549744611917e-06
bracket_nearest,0.05,0.5,134561280,27,0.9432234432234432,0.7834757834757836,1.8017186395759424e-13,4.137650647362464e-11
bracket_nearest,0.05,0.5,287183360,35,0.8829131652661065,0.707563025210084,2.2652344934022336e-12,2.2478334102851786e-09
bracket_nearest,0.05,0.6,77124608,24,0.8452173913043477,0.6376811594202899,2.0198318553448652e-07,2.886510696821259e-06
bracket_nearest,0.05,0.6,134561280,27,0.9218559218559219,0.7435897435897437,8.687111652984501e-12,8.948557078961818e-10
bracket_nearest,0.05,0.6,287183360,35,0.85406162464986,0.6638655462184874,6.858924818221018e-11,2.0283503167073148e-08
bracket_nearest,0.05,0.7,77124608,24,0.8043478260869565,0.6014492753623188,2.1716927777771932e-06,1.2986666549894791e-05
bracket_nearest,0.05,0.7,134561280,27,0.9157509157509156,0.7321937321937323,2.150835266191025e-11,1.9854363020229763e-09
bracket_nearest,0.05,0.7,287183360,35,0.8252100840336134,0.6336134453781512,1.0724329095997086e-09,8.605946286240538e-08
bracket_nearest,0.05,0.8,77124608,24,0.806086956521739,0.608695652173913,1.985720949689886e-06,9.73421202242679e-06
bracket_nearest,0.05,0.8,134561280,27,0.8791208791208791,0.6866096866096868,1.5987855715204865e-09,3.569884931294455e-08
bracket_nearest,0.05,0.8,287183360,35,0.8053221288515406,0.6168067226890757,5.417565686600287e-09,1.8689054299005254e-07
bracket_nearest,0.05,0.9,77124608,24,0.8278260869565216,0.6449275362318841,5.981436834004455e-07,2.0950549744611917e-06
bracket_nearest,0.05,0.9,134561280,27,0.8644688644688645,0.680911680911681,6.151996422460433e-09,4.971543807736273e-08
bracket_nearest,0.05,0.9,287183360,35,0.7540616246498599,0.5563025210084034,1.6919344048834004e-07,2.593041861684119e-06
bracket_nearest,0.05,1.0,77124608,24,0.8478260869565216,0.6666666666666667,1.6969519414972864e-07,7.672118269836502e-07
bracket_nearest,0.05,1.0,134561280,27,0.8400488400488401,0.6410256410256411,4.246663422058405e-08,4.3036010335771297e-07
bracket_nearest,0.05,1.0,287183360,35,0.7333333333333334,0.5495798319327732,5.420262500163914e-07,3.4194561521414225e-06
bracket_nearest,0.1,0.2,77124608,24,0.9347826086956521,0.8043478260869565,2.3091809796273415e-11,1.7556002419973754e-10
bracket_nearest,0.1,0.2,134561280,27,0.9597069597069596,0.8404558404558405,2.709475294950316e-15,1.8992172603122356e-13
bracket_nearest,0.1,0.2,287183360,35,0.961064425770308,0.8521008403361344,5.2778272810489285e-20,6.015692174825869e-13
bracket_nearest,0.1,0.3,77124608,24,0.9356521739130433,0.782608695652174,2.0003834100038692e-11,8.895809693173601e-10
bracket_nearest,0.1,0.3,134561280,27,0.9548229548229549,0.8290598290598292,1.1027462346338171e-14,6.25571460678075e-13
bracket_nearest,0.1,0.3,287183360,35,0.9551820728291317,0.8218487394957983,5.148327768938336e-19,3.7980234419938614e-12
bracket_nearest,0.1,0.4,77124608,24,0.8999999999999999,0.7101449275362319,2.1561959170501433e-09,8.278088874909019e-08
bracket_nearest,0.1,0.4,134561280,27,0.9554334554334554,0.8347578347578348,9.333715596522363e-15,3.475527285878393e-13
bracket_nearest,0.1,0.4,287183360,35,0.9512605042016807,0.8151260504201681,1.9954353881811343e-18,5.670380006915891e-12
bracket_nearest,0.1,0.5,77124608,24,0.877391304347826,0.6884057971014493,1.8204279591228982e-08,2.619805784361419e-07
bracket_nearest,0.1,0.5,134561280,27,0.9578754578754578,0.8290598290598292,4.676139479952181e-15,6.25571460678075e-13
bracket_nearest,0.1,0.5,287183360,35,0.9240896358543418,0.7714285714285715,2.4336940438402143e-15,7.103414675348589e-11
bracket_nearest,0.1,0.6,77124608,24,0.88,0.6884057971014493,1.4551552142122551e-08,2.619805784361419e-07
bracket_nearest,0.1,0.6,134561280,27,0.9529914529914528,0.8176638176638178,1.7942858783709966e-14,1.9346383725519378e-12
bracket_nearest,0.1,0.6,287183360,35,0.9131652661064426,0.7512605042016806,2.0595035627726305e-14,2.1807520988983647e-10
bracket_nearest,0.1,0.7,77124608,24,0.8791304347826084,0.6956521739130435,1.568835871188163e-08,1.800588368372513e-07
bracket_nearest,0.1,0.7,134561280,27,0.9426129426129425,0.794871794871795,2.0525830414256532e-13,1.5660728353731353e-11
bracket_nearest,0.1,0.7,287183360,35,0.8857142857142857,0.704201680672269,1.55228299497e-12,2.6748791369040653e-09
bracket_nearest,0.1,0.8,77124608,24,0.8817391304347826,0.7028985507246377,1.2497252917320805e-08,1.2265451832839693e-07
bracket_nearest,0.1,0.8,134561280,27,0.9218559218559219,0.7549857549857552,8.687111652984501e-12,3.8984522955425615e-10
bracket_nearest,0.1,0.8,287183360,35,0.8680672268907562,0.680672268907563,1.4476468442728063e-11,8.841323591712908e-09
bracket_nearest,0.1,0.9,77124608,24,0.9026086956521738,0.7391304347826086,1.6324184374509252e-09,1.5539029608017707e-08
bracket_nearest,0.1,0.9,134561280,27,0.9206349206349206,0.7549857549857552,1.04741658568902e-11,3.8984522955425615e-10
bracket_nearest,0.1,0.9,287183360,35,0.8364145658263307,0.6470588235294117,3.9272832059626597e-10,4.5629507146046444e-08
bracket_nearest,0.1,1.0,77124608,24,0.9304347826086956,0.7753623188405797,4.6011084183702904e-11,1.481533833685504e-09
bracket_nearest,0.1,1.0,134561280,27,0.92002442002442,0.7606837606837609,1.1488319855425096e-11,2.538603029779096e-10
bracket_nearest,0.1,1.0,287183360,35,0.8184873949579832,0.6302521008403361,1.8951316620158514e-09,1.0065521335096143e-07
bracket_nearest,0.2,0.3,77124608,24,0.9608695652173912,0.8623188405797101,9.46751007259196e-14,9.867360806954296e-13
bracket_nearest,0.2,0.3,134561280,27,0.967032967032967,0.851851851851852,2.294678535286323e-16,5.37720951425131e-14
bracket_nearest,0.2,0.3,287183360,35,0.9627450980392158,0.8352941176470589,2.5804131945682158e-20,1.6878033296848271e-12
bracket_nearest,0.2,0.4,77124608,24,0.9182608695652172,0.7681159420289855,2.5599769328673164e-10,2.4326513594552694e-09
bracket_nearest,0.2,0.4,134561280,27,0.9676434676434676,0.8632478632478634,1.8225531491286034e-16,1.4085091086256661e-14
bracket_nearest,0.2,0.4,287183360,35,0.9532212885154063,0.8050420168067227,1.0283841976123538e-18,1.0282904660516836e-11
bracket_nearest,0.2,0.5,77124608,24,0.9026086956521738,0.7536231884057971,1.6324184374509252e-09,6.301907449478841e-09
bracket_nearest,0.2,0.5,134561280,27,0.9645909645909645,0.8461538461538463,5.532456527410167e-16,1.0199007870930147e-13
bracket_nearest,0.2,0.5,287183360,35,0.93109243697479,0.7714285714285715,5.196004297515445e-16,7.103414675348589e-11
bracket_nearest,0.2,0.6,77124608,24,0.9243478260869564,0.782608695652174,1.1248113620991151e-10,8.895809693173601e-10
bracket_nearest,0.2,0.6,134561280,27,0.9548229548229549,0.8119658119658121,1.1027462346338171e-14,3.3288427604530016e-12
bracket_nearest,0.2,0.6,287183360,35,0.9050420168067228,0.734453781512605,8.466781682088357e-14,5.434125892159657e-10
bracket_nearest,0.2,0.7,77124608,24,0.9286956521739129,0.7681159420289855,5.987639321147553e-11,2.4326513594552694e-09
bracket_nearest,0.2,0.7,134561280,27,0.9407814407814408,0.794871794871795,3.0095685557184116e-13,1.5660728353731353e-11
bracket_nearest,0.2,0.7,287183360,35,0.8778711484593837,0.6873949579831933,4.368455245480546e-12,6.3078066415107675e-09
bracket_nearest,0.2,0.8,77124608,24,0.9286956521739129,0.7681159420289855,5.987639321147553e-11,2.4326513594552694e-09
bracket_nearest,0.2,0.8,134561280,27,0.9249084249084248,0.7549857549857552,5.368658589332937e-12,3.8984522955425615e-10
bracket_nearest,0.2,0.8,287183360,35,0.8644257703081233,0.6638655462184874,2.2053443257003004e-11,2.0283503167073148e-08
bracket_nearest,0.2,0.9,77124608,24,0.9391304347826085,0.7971014492753623,1.1034610116370757e-11,3.0647335684338345e-10
bracket_nearest,0.2,0.9,134561280,27,0.9261294261294261,0.7663817663817665,4.403385167784111e-12,1.6375435059719837e-10
bracket_nearest,0.2,0.9,287183360,35,0.8641456582633054,0.6705882352941177,2.276776439488818e-11,1.4585321461342364e-08
bracket_nearest,0.2,1.0,77124608,24,0.9469565217391304,0.8188405797101449,2.519266865368467e-12,5.4621594722448636e-11
bracket_nearest,0.2,1.0,134561280,27,0.9194139194139194,0.7663817663817665,1.2591481825532524e-11,1.6375435059719837e-10
bracket_nearest,0.2,1.0,287183360,35,0.8641456582633054,0.6705882352941177,2.276776439488818e-11,1.4585321461342364e-08
bracket_nearest,0.5,0.6,77124608,24,0.9556521739130434,0.8478260869565217,3.66096510178676e-13,4.1409614708213e-12
bracket_nearest,0.5,0.6,134561280,27,0.9603174603174602,0.8347578347578348,2.2461542439515337e-15,3.475527285878393e-13
bracket_nearest,0.5,0.6,287183360,35,0.8845938375350141,0.707563025210084,1.807732943817251e-12,2.2478334102851786e-09
bracket_nearest,0.5,0.7,77124608,24,0.9452173913043478,0.8260869565217391,3.563267590026003e-12,2.960503200513917e-11
bracket_nearest,0.5,0.7,134561280,27,0.9511599511599511,0.8005698005698006,2.8645564825242167e-14,9.465582296064829e-12
bracket_nearest,0.5,0.7,287183360,35,0.8610644257703082,0.6571428571428571,3.2181959685003664e-11,2.811941346133956e-08
bracket_nearest,0.5,0.8,77124608,24,0.9443478260869566,0.8333333333333333,4.219969370901299e-12,1.5717331021738638e-11
bracket_nearest,0.5,0.8,134561280,27,0.9334554334554335,0.7663817663817665,1.242433885243441e-12,1.6375435059719837e-10
bracket_nearest,0.5,0.8,287183360,35,0.838655462184874,0.6134453781512604,3.183594523097525e-10,2.17733716217019e-07
bracket_nearest,0.5,0.9,77124608,24,0.9417391304347826,0.8260869565217391,6.899695739958272e-12,2.960503200513917e-11
bracket_nearest,0.5,0.9,134561280,27,0.9316239316239315,0.7720797720797723,1.7270486661174537e-12,1.0459974760283339e-10
bracket_nearest,0.5,0.9,287183360,35,0.853501400560224,0.6235294117647059,7.274607689807156e-11,1.3736987876568928e-07
bracket_nearest,0.5,1.0,77124608,24,0.9330434782608694,0.7971014492753623,3.059281968376082e-11,3.0647335684338345e-10
bracket_nearest,0.5,1.0,134561280,27,0.9163614163614163,0.7606837606837609,1.970564629543484e-11,2.538603029779096e-10
bracket_nearest,0.5,1.0,287183360,35,0.8882352941176471,0.6705882352941177,1.0953598167761905e-12,1.4585321461342364e-08
