policy,obs_frac,t_target,query_target_N,n_configs,regret,normalized_regret,oracle_loss,selected_loss,top1_overlap,top1_hit_rate,top1_best_in_pred,top3_overlap,top3_hit_rate,top3_best_in_pred,top5_overlap,top5_hit_rate,top5_best_in_pred
all_lower_only,0.05,0.1,77124608,24,0.0038302040100099966,0.007893986147836126,2.1620161151885986,2.1658463191986086,0,0.0,0,2,0.6666666666666666,1,2,0.4,1
all_lower_only,0.05,0.1,134561280,27,0.0,0.0,1.970188468694687,1.970188468694687,1,1.0,1,2,0.6666666666666666,1,4,0.8,1
all_lower_only,0.05,0.1,287183360,35,0.0021545147895813965,0.007179125459890842,1.8571431255340576,1.859297640323639,0,0.0,0,3,1.0,1,3,0.6,1
all_lower_only,0.05,0.1,610488320,8,0.0,0.0,1.993753422498703,1.993753422498703,1,1.0,1,2,0.6666666666666666,1,4,0.8,1
all_lower_only,0.05,0.2,77124608,24,0.006080256959666297,0.02243820835654963,2.102961665899857,2.1090419228595234,0,0.0,0,0,0.0,0,2,0.4,0
all_lower_only,0.05,0.2,134561280,27,0.0,0.0,1.9417323125963626,1.9417323125963626,1,1.0,1,3,1.0,1,3,0.6,1
all_lower_only,0.05,0.2,287183360,35,0.004731265627819781,0.01928062797488011,1.7937163145023842,1.798447580130204,0,0.0,0,2,0.6666666666666666,1,3,0.6,1
all_lower_only,0.05,0.2,610488320,8,0.0057924120944479185,0.024205741063871137,1.8824997740413831,1.888292186135831,0,0.0,0,2,0.6666666666666666,1,4,0.8,1
all_lower_only,0.05,0.3,77124608,24,0.014541730631952632,0.06499345470080523,2.061852360227834,2.0763940908597864,0,0.0,0,0,0.0,0,3,0.6,1
all_lower_only,0.05,0.3,134561280,27,0.0071724283695220326,0.022011093143567806,1.918067497688791,1.925239926058313,0,0.0,0,2,0.6666666666666666,1,3,0.6,1
all_lower_only,0.05,0.3,287183360,35,0.00933426380157476,0.041312479136964654,1.7527006153231082,1.762034879124683,0,0.0,0,2,0.6666666666666666,0,3,0.6,0
all_lower_only,0.05,0.3,610488320,8,0.014733158505481292,0.06715245656168146,1.8156102368313334,1.8303433953368147,0,0.0,0,2,0.6666666666666666,1,4,0.8,1
all_lower_only,0.05,0.4,77124608,24,0.015708704616712588,0.07433888999523099,2.036208664127018,2.0519173687437307,0,0.0,0,0,0.0,0,3,0.6,1
all_lower_only,0.05,0.4,134561280,27,0.004155031701792877,0.013935358954322359,1.9002963506657145,1.9044513823675073,0,0.0,0,2,0.6666666666666666,1,3,0.6,1
all_lower_only,0.05,0.4,287183360,35,0.010507490510525797,0.0489510089923157,1.7278004993148472,1.738307989825373,0,0.0,0,1,0.3333333333333333,0,3,0.6,0
all_lower_only,0.05,0.4,610488320,8,0.017698025724162125,0.10900090638847232,1.7756687966015028,1.793366822325665,0,0.0,0,2,0.6666666666666666,1,3,0.6,1
all_lower_only,0.05,0.5,77124608,24,0.016674825668335114,0.08446702525012423,2.0169719080717665,2.0336467337401016,0,0.0,0,0,0.0,0,3,0.6,1
all_lower_only,0.05,0.5,134561280,27,0.0,0.0,1.8854584382927937,1.8854584382927937,1,1.0,1,1,0.3333333333333333,1,3,0.6,1
all_lower_only,0.05,0.5,287183360,35,0.012044902407604807,0.05943789669896055,1.7078543041685352,1.71989920657614,0,0.0,0,1,0.3333333333333333,0,2,0.4,0
all_lower_only,0.05,0.5,610488320,8,0.02173243062392527,0.137451998880166,1.7426619313281515,1.7643943619520768,0,0.0,0,2,0.6666666666666666,1,3,0.6,1
all_lower_only,0.05,0.6,77124608,24,0.017774060912754575,0.09491892468709011,2.0005139566504435,2.018288017563198,0,0.0,0,0,0.0,0,3,0.6,1
all_lower_only,0.05,0.6,134561280,27,0.024739271837731946,0.09695780905750513,1.8712962215361388,1.8960354933738708,0,0.0,0,1,0.3333333333333333,1,3,0.6,1
all_lower_only,0.05,0.6,287183360,35,0.012821251226508013,0.06496128843381986,1.6918271078234135,1.7046483590499215,0,0.0,0,1,0.3333333333333333,0,2,0.4,0
all_lower_only,0.05,0.6,610488320,8,0.05709798488409623,0.3030245619560236,1.6846248105712558,1.741722795455352,0,0.0,0,2,0.6666666666666666,1,3,0.6,1
all_lower_only,0.05,0.7,77124608,24,0.017094459471495016,0.09527695160424336,1.9884876050327136,2.0055820645042086,0,0.0,0,0,0.0,0,3,0.6,1
all_lower_only,0.05,0.7,134561280,27,0.04180582324318283,0.17230374021664843,1.8591603194112363,1.900966142654419,0,0.0,0,1,0.3333333333333333,0,3,0.6,0
all_lower_only,0.05,0.7,287183360,35,0.014300454554350583,0.07414939180533858,1.6781197503131369,1.6924202048674875,0,0.0,0,1,0.3333333333333333,0,2,0.4,0
all_lower_only,0.05,0.7,610488320,8,0.034898977424787425,0.21786077070149976,1.6889800547309544,1.7238790321557418,0,0.0,0,2,0.6666666666666666,1,3,0.6,1
all_lower_only,0.05,0.8,77124608,24,0.017328323882559227,0.10161996241683115,1.978469957559005,1.9957982814415642,0,0.0,0,0,0.0,0,3,0.6,1
all_lower_only,0.05,0.8,134561280,27,0.041219136860059846,0.17778861443802646,1.849080094669176,1.890299231529236,0,0.0,0,1,0.3333333333333333,0,3,0.6,0
all_lower_only,0.05,0.8,287183360,35,0.013968315787937335,0.0734714474699391,1.667962272685507,1.6819305884734443,0,0.0,0,1,0.3333333333333333,0,2,0.4,0
all_lower_only,0.05,0.8,610488320,8,0.055415254157522575,0.31325359845090534,1.6539893757156703,1.7094046298731929,0,0.0,0,2,0.6666666666666666,1,3,0.6,1
all_lower_only,0.05,0.9,77124608,24,0.0191523480622664,0.11359997955139997,1.9360440122977547,1.955196360360021,0,0.0,0,0,0.0,0,3,0.6,1
all_lower_only,0.05,0.9,134561280,27,0.03538575936400368,0.15416277989878602,1.8139769964114478,1.8493627557754515,0,0.0,0,1,0.3333333333333333,0,4,0.8,0
all_lower_only,0.05,0.9,287183360,35,0.01603187502985426,0.09288238413605622,1.6361752475240956,1.6522071225539499,0,0.0,0,1,0.3333333333333333,0,2,0.4,0
all_lower_only,0.05,0.9,610488320,8,0.03372758512911589,0.270381017411723,1.6386038445286129,1.6723314296577287,0,0.0,0,2,0.6666666666666666,1,4,0.8,1
all_lower_only,0.05,1.0,77124608,24,0.020724892616271973,0.12058194610423344,1.8988457918167114,1.9195706844329834,0,0.0,0,0,0.0,0,3,0.6,0
all_lower_only,0.05,1.0,134561280,27,0.029440879821777344,0.12735022549582783,1.7854115962982178,1.8148524761199951,0,0.0,0,2,0.6666666666666666,0,4,0.8,0
all_lower_only,0.05,1.0,287183360,35,0.01758885383605957,0.11290288023017354,1.6100938320159912,1.6276826858520508,0,0.0,0,1,0.3333333333333333,0,2,0.4,0
all_lower_only,0.05,1.0,610488320,8,0.02389383316040039,0.20294603658042673,1.6192057132720947,1.6430995464324951,0,0.0,0,2,0.6666666666666666,0,5,1.0,1
all_lower_only,0.1,0.2,77124608,24,0.0005237339683201725,0.0019327558000469046,2.102961665899857,2.1034853998681773,0,0.0,0,2,0.6666666666666666,1,4,0.8,1
all_lower_only,0.1,0.2,134561280,27,0.0,0.0,1.9417323125963626,1.9417323125963626,1,1.0,1,3,1.0,1,4,0.8,1
all_lower_only,0.1,0.2,287183360,35,0.004731265627819781,0.01928062797488011,1.7937163145023842,1.798447580130204,0,0.0,0,2,0.6666666666666666,1,4,0.8,1
all_lower_only,0.1,0.2,610488320,8,0.0057924120944479185,0.024205741063871137,1.8824997740413831,1.888292186135831,0,0.0,0,2,0.6666666666666666,1,4,0.8,1
all_lower_only,0.1,0.3,77124608,24,0.0,0.0,2.061852360227834,2.061852360227834,1,1.0,1,2,0.6666666666666666,1,4,0.8,1
all_lower_only,0.1,0.3,134561280,27,0.0071724283695220326,0.022011093143567806,1.918067497688791,1.925239926058313,0,0.0,0,2,0.6666666666666666,1,5,1.0,1
all_lower_only,0.1,0.3,287183360,35,0.00933426380157476,0.041312479136964654,1.7527006153231082,1.762034879124683,0,0.0,0,2,0.6666666666666666,0,4,0.8,0
all_lower_only,0.1,0.3,610488320,8,0.0,0.0,1.8156102368313334,1.8156102368313334,1,1.0,1,2,0.6666666666666666,1,4,0.8,1
all_lower_only,0.1,0.4,77124608,24,0.0,0.0,2.036208664127018,2.036208664127018,1,1.0,1,2,0.6666666666666666,1,4,0.8,1
all_lower_only,0.1,0.4,134561280,27,0.004155031701792877,0.013935358954322359,1.9002963506657145,1.9044513823675073,0,0.0,0,2,0.6666666666666666,1,4,0.8,1
all_lower_only,0.1,0.4,287183360,35,0.010507490510525797,0.0489510089923157,1.7278004993148472,1.738307989825373,0,0.0,0,1,0.3333333333333333,0,3,0.6,0
all_lower_only,0.1,0.4,610488320,8,0.0,0.0,1.7756687966015028,1.7756687966015028,1,1.0,1,2,0.6666666666666666,1,3,0.6,1
all_lower_only,0.1,0.5,77124608,24,0.0,0.0,2.0169719080717665,2.0169719080717665,1,1.0,1,1,0.3333333333333333,1,4,0.8,1
all_lower_only,0.1,0.5,134561280,27,0.0,0.0,1.8854584382927937,1.8854584382927937,1,1.0,1,2,0.6666666666666666,1,4,0.8,1
all_lower_only,0.1,0.5,287183360,35,0.012044902407604807,0.05943789669896055,1.7078543041685352,1.71989920657614,0,0.0,0,1,0.3333333333333333,0,2,0.4,0
all_lower_only,0.1,0.5,610488320,8,0.0,0.0,1.7426619313281515,1.7426619313281515,1,1.0,1,2,0.6666666666666666,1,3,0.6,1
all_lower_only,0.1,0.6,77124608,24,0.0,0.0,2.0005139566504435,2.0005139566504435,1,1.0,1,1,0.3333333333333333,1,4,0.8,1
all_lower_only,0.1,0.6,134561280,27,0.0,0.0,1.8712962215361388,1.8712962215361388,1,1.0,1,2,0.6666666666666666,1,4,0.8,1
all_lower_only,0.1,0.6,287183360,35,0.012821251226508013,0.06496128843381986,1.6918271078234135,1.7046483590499215,0,0.0,0,1,0.3333333333333333,0,2,0.4,0
all_lower_only,0.1,0.6,610488320,8,0.05709798488409623,0.3030245619560236,1.6846248105712558,1.741722795455352,0,0.0,0,2,0.6666666666666666,1,3,0.6,1
all_lower_only,0.1,0.7,77124608,24,0.0,0.0,1.9884876050327136,1.9884876050327136,1,1.0,1,1,0.3333333333333333,1,4,0.8,1
all_lower_only,0.1,0.7,134561280,27,0.00019634443780658373,0.00080923848354849,1.8591603194112363,1.8593566638490429,0,0.0,0,2,0.6666666666666666,0,4,0.8,0
all_lower_only,0.1,0.7,287183360,35,0.014300454554350583,0.07414939180533858,1.6781197503131369,1.6924202048674875,0,0.0,0,1,0.3333333333333333,0,2,0.4,0
all_lower_only,0.1,0.7,610488320,8,0.034898977424787425,0.21786077070149976,1.6889800547309544,1.7238790321557418,0,0.0,0,2,0.6666666666666666,1,3,0.6,1
all_lower_only,0.1,0.8,77124608,24,0.0,0.0,1.978469957559005,1.978469957559005,1,1.0,1,1,0.3333333333333333,1,4,0.8,1
all_lower_only,0.1,0.8,134561280,27,0.0015379051540209687,0.006633375837023549,1.849080094669176,1.850617999823197,0,0.0,0,2,0.6666666666666666,0,4,0.8,0
all_lower_only,0.1,0.8,287183360,35,0.013968315787937335,0.0734714474699391,1.667962272685507,1.6819305884734443,0,0.0,0,1,0.3333333333333333,0,2,0.4,0
all_lower_only,0.1,0.8,610488320,8,0.055415254157522575,0.31325359845090534,1.6539893757156703,1.7094046298731929,0,0.0,0,2,0.6666666666666666,1,3,0.6,1
all_lower_only,0.1,0.9,77124608,24,0.0191523480622664,0.11359997955139997,1.9360440122977547,1.955196360360021,0,0.0,0,1,0.3333333333333333,1,4,0.8,1
all_lower_only,0.1,0.9,134561280,27,0.002167751063471446,0.009444096610606034,1.8139769964114478,1.8161447474749193,0,0.0,0,2,0.6666666666666666,0,3,0.6,0
all_lower_only,0.1,0.9,287183360,35,0.01603187502985426,0.09288238413605622,1.6361752475240956,1.6522071225539499,0,0.0,0,1,0.3333333333333333,0,2,0.4,0
all_lower_only,0.1,0.9,610488320,8,0.03372758512911589,0.270381017411723,1.6386038445286129,1.6723314296577287,0,0.0,0,2,0.6666666666666666,1,4,0.8,1
all_lower_only,0.1,1.0,77124608,24,0.020724892616271973,0.12058194610423344,1.8988457918167114,1.9195706844329834,0,0.0,0,1,0.3333333333333333,1,4,0.8,1
all_lower_only,0.1,1.0,134561280,27,0.002615690231323242,0.011314496808612672,1.7854115962982178,1.788027286529541,0,0.0,0,2,0.6666666666666666,0,3,0.6,0
all_lower_only,0.1,1.0,287183360,35,0.01758885383605957,0.11290288023017354,1.6100938320159912,1.6276826858520508,0,0.0,0,1,0.3333333333333333,0,2,0.4,0
all_lower_only,0.1,1.0,610488320,8,0.02389383316040039,0.20294603658042673,1.6192057132720947,1.6430995464324951,0,0.0,0,2,0.6666666666666666,0,4,0.8,1
all_lower_only,0.2,0.3,77124608,24,0.003979844445767267,0.01778769296784129,2.061852360227834,2.065832204673601,0,0.0,0,3,1.0,1,4,0.8,1
all_lower_only,0.2,0.3,134561280,27,0.0071724283695220326,0.022011093143567806,1.918067497688791,1.925239926058313,0,0.0,0,2,0.6666666666666666,1,5,1.0,1
all_lower_only,0.2,0.3,287183360,35,0.00933426380157476,0.041312479136964654,1.7527006153231082,1.762034879124683,0,0.0,0,2,0.6666666666666666,0,5,1.0,1
all_lower_only,0.2,0.3,610488320,8,0.014733158505481292,0.06715245656168146,1.8156102368313334,1.8303433953368147,0,0.0,0,2,0.6666666666666666,1,4,0.8,1
all_lower_only,0.2,0.4,77124608,24,0.0,0.0,2.036208664127018,2.036208664127018,1,1.0,1,3,1.0,1,4,0.8,1
all_lower_only,0.2,0.4,134561280,27,0.004155031701792877,0.013935358954322359,1.9002963506657145,1.9044513823675073,0,0.0,0,2,0.6666666666666666,1,4,0.8,1
all_lower_only,0.2,0.4,287183360,35,0.010507490510525797,0.0489510089923157,1.7278004993148472,1.738307989825373,0,0.0,0,1,0.3333333333333333,0,4,0.8,1
all_lower_only,0.2,0.4,610488320,8,0.017698025724162125,0.10900090638847232,1.7756687966015028,1.793366822325665,0,0.0,0,2,0.6666666666666666,1,4,0.8,1
all_lower_only,0.2,0.5,77124608,24,0.0,0.0,2.0169719080717665,2.0169719080717665,1,1.0,1,3,1.0,1,4,0.8,1
all_lower_only,0.2,0.5,134561280,27,0.0,0.0,1.8854584382927937,1.8854584382927937,1,1.0,1,2,0.6666666666666666,1,4,0.8,1
all_lower_only,0.2,0.5,287183360,35,0.012044902407604807,0.05943789669896055,1.7078543041685352,1.71989920657614,0,0.0,0,1,0.3333333333333333,0,3,0.6,1
all_lower_only,0.2,0.5,610488320,8,0.02173243062392527,0.137451998880166,1.7426619313281515,1.7643943619520768,0,0.0,0,2,0.6666666666666666,1,4,0.8,1
all_lower_only,0.2,0.6,77124608,24,0.0,0.0,2.0005139566504435,2.0005139566504435,1,1.0,1,3,1.0,1,3,0.6,1
all_lower_only,0.2,0.6,134561280,27,0.0,0.0,1.8712962215361388,1.8712962215361388,1,1.0,1,2,0.6666666666666666,1,4,0.8,1
all_lower_only,0.2,0.6,287183360,35,0.012821251226508013,0.06496128843381986,1.6918271078234135,1.7046483590499215,0,0.0,0,1,0.3333333333333333,0,3,0.6,1
all_lower_only,0.2,0.6,610488320,8,0.05709798488409623,0.3030245619560236,1.6846248105712558,1.741722795455352,0,0.0,0,1,0.3333333333333333,0,3,0.6,0
all_lower_only,0.2,0.7,77124608,24,0.0,0.0,1.9884876050327136,1.9884876050327136,1,1.0,1,2,0.6666666666666666,1,4,0.8,1
all_lower_only,0.2,0.7,134561280,27,0.00019634443780658373,0.00080923848354849,1.8591603194112363,1.8593566638490429,0,0.0,0,2,0.6666666666666666,0,5,1.0,1
all_lower_only,0.2,0.7,287183360,35,0.014300454554350583,0.07414939180533858,1.6781197503131369,1.6924202048674875,0,0.0,0,1,0.3333333333333333,0,3,0.6,1
all_lower_only,0.2,0.7,610488320,8,0.034898977424787425,0.21786077070149976,1.6889800547309544,1.7238790321557418,0,0.0,0,1,0.3333333333333333,0,3,0.6,0
all_lower_only,0.2,0.8,77124608,24,0.0,0.0,1.978469957559005,1.978469957559005,1,1.0,1,2,0.6666666666666666,1,4,0.8,1
all_lower_only,0.2,0.8,134561280,27,0.0015379051540209687,0.006633375837023549,1.849080094669176,1.850617999823197,0,0.0,0,3,1.0,1,4,0.8,1
all_lower_only,0.2,0.8,287183360,35,0.013968315787937335,0.0734714474699391,1.667962272685507,1.6819305884734443,0,0.0,0,1,0.3333333333333333,0,3,0.6,1
all_lower_only,0.2,0.8,610488320,8,0.055415254157522575,0.31325359845090534,1.6539893757156703,1.7094046298731929,0,0.0,0,1,0.3333333333333333,0,3,0.6,0
all_lower_only,0.2,0.9,77124608,24,0.0,0.0,1.9360440122977547,1.9360440122977547,1,1.0,1,2,0.6666666666666666,1,4,0.8,1
all_lower_only,0.2,0.9,134561280,27,0.002167751063471446,0.009444096610606034,1.8139769964114478,1.8161447474749193,0,0.0,0,3,1.0,1,4,0.8,1
all_lower_only,0.2,0.9,287183360,35,0.01603187502985426,0.09288238413605622,1.6361752475240956,1.6522071225539499,0,0.0,0,1,0.3333333333333333,0,3,0.6,1
all_lower_only,0.2,0.9,610488320,8,0.03372758512911589,0.270381017411723,1.6386038445286129,1.6723314296577287,0,0.0,0,1,0.3333333333333333,0,3,0.6,0
all_lower_only,0.2,1.0,77124608,24,0.0,0.0,1.8988457918167114,1.8988457918167114,1,1.0,1,2,0.6666666666666666,1,4,0.8,1
all_lower_only,0.2,1.0,134561280,27,0.002615690231323242,0.011314496808612672,1.7854115962982178,1.788027286529541,0,0.0,0,2,0.6666666666666666,1,4,0.8,1
all_lower_only,0.2,1.0,287183360,35,0.01758885383605957,0.11290288023017354,1.6100938320159912,1.6276826858520508,0,0.0,0,1,0.3333333333333333,0,3,0.6,1
all_lower_only,0.2,1.0,610488320,8,0.02389383316040039,0.20294603658042673,1.6192057132720947,1.6430995464324951,0,0.0,0,1,0.3333333333333333,0,3,0.6,1
all_lower_only,0.5,0.6,77124608,24,0.005065582420515025,0.02705176035061743,2.0005139566504435,2.0055795390709585,0,0.0,0,3,1.0,1,5,1.0,1
all_lower_only,0.5,0.6,134561280,27,0.0,0.0,1.8712962215361388,1.8712962215361388,1,1.0,1,3,1.0,1,4,0.8,1
all_lower_only,0.5,0.6,287183360,35,0.009392768134241392,0.04759023196573238,1.6918271078234135,1.701219875957655,0,0.0,0,1,0.3333333333333333,0,3,0.6,1
all_lower_only,0.5,0.6,610488320,8,0.05709798488409623,0.3030245619560236,1.6846248105712558,1.741722795455352,0,0.0,0,2,0.6666666666666666,0,4,0.8,0
all_lower_only,0.5,0.7,77124608,24,0.005855433940887389,0.03263559734883978,1.9884876050327136,1.994343038973601,0,0.0,0,3,1.0,1,4,0.8,1
all_lower_only,0.5,0.7,134561280,27,0.00019634443780658373,0.00080923848354849,1.8591603194112363,1.8593566638490429,0,0.0,0,3,1.0,1,4,0.8,1
all_lower_only,0.5,0.7,287183360,35,0.010633991262187115,0.0551383860951871,1.6781197503131369,1.688753741575324,0,0.0,0,1,0.3333333333333333,0,4,0.8,1
all_lower_only,0.5,0.7,610488320,8,0.034898977424787425,0.21786077070149976,1.6889800547309544,1.7238790321557418,0,0.0,0,2,0.6666666666666666,0,4,0.8,0
all_lower_only,0.5,0.8,77124608,24,0.005123673107313209,0.03004719164588925,1.978469957559005,1.9835936306663182,0,0.0,0,3,1.0,1,4,0.8,1
all_lower_only,0.5,0.8,134561280,27,0.0015379051540209687,0.006633375837023549,1.849080094669176,1.850617999823197,0,0.0,0,3,1.0,1,4,0.8,1
all_lower_only,0.5,0.8,287183360,35,0.010293624027915671,0.05414306696125948,1.667962272685507,1.6782558967134227,0,0.0,0,1,0.3333333333333333,0,4,0.8,1
all_lower_only,0.5,0.8,610488320,8,0.055415254157522575,0.31325359845090534,1.6539893757156703,1.7094046298731929,0,0.0,0,2,0.6666666666666666,0,4,0.8,0
all_lower_only,0.5,0.9,77124608,24,0.005240533953127624,0.031083632564438024,1.9360440122977547,1.9412845462508823,0,0.0,0,3,1.0,1,4,0.8,1
all_lower_only,0.5,0.9,134561280,27,0.002167751063471446,0.009444096610606034,1.8139769964114478,1.8161447474749193,0,0.0,0,3,1.0,1,5,1.0,1
all_lower_only,0.5,0.9,287183360,35,0.011647595094597785,0.0674815890108339,1.6361752475240956,1.6478228426186934,0,0.0,0,1,0.3333333333333333,0,3,0.6,1
all_lower_only,0.5,0.9,610488320,8,0.03372758512911589,0.270381017411723,1.6386038445286129,1.6723314296577287,0,0.0,0,1,0.3333333333333333,0,3,0.6,0
all_lower_only,0.5,1.0,77124608,24,0.004938006401062012,0.028730398402533528,1.8988457918167114,1.9037837982177734,0,0.0,0,3,1.0,1,4,0.8,1
all_lower_only,0.5,1.0,134561280,27,0.002615690231323242,0.011314496808612672,1.7854115962982178,1.788027286529541,0,0.0,0,2,0.6666666666666666,1,5,1.0,1
all_lower_only,0.5,1.0,287183360,35,0.01255786418914795,0.0806089498331854,1.6100938320159912,1.6226516962051392,0,0.0,0,1,0.3333333333333333,0,3,0.6,1
all_lower_only,0.5,1.0,610488320,8,0.02389383316040039,0.20294603658042673,1.6192057132720947,1.6430995464324951,0,0.0,0,1,0.3333333333333333,0,3,0.6,0
bracket_nearest,0.05,0.1,77124608,24,0.0,0.0,2.1620161151885986,2.1620161151885986,1,1.0,1,2,0.6666666666666666,1,3,0.6,1
bracket_nearest,0.05,0.1,134561280,27,0.0,0.0,1.970188468694687,1.970188468694687,1,1.0,1,2,0.6666666666666666,1,5,1.0,1
bracket_nearest,0.05,0.1,287183360,35,0.0021545147895813965,0.007179125459890842,1.8571431255340576,1.859297640323639,0,0.0,0,1,0.3333333333333333,0,4,0.8,1
bracket_nearest,0.05,0.2,77124608,24,0.0,0.0,2.102961665899857,2.102961665899857,1,1.0,1,1,0.3333333333333333,1,4,0.8,1
bracket_nearest,0.05,0.2,134561280,27,0.018015286321225288,0.04401087817482912,1.9417323125963626,1.9597475989175879,0,0.0,0,2,0.6666666666666666,1,3,0.6,1
bracket_nearest,0.05,0.2,287183360,35,0.004731265627819781,0.01928062797488011,1.7937163145023842,1.798447580130204,0,0.0,0,0,0.0,0,4,0.8,1
bracket_nearest,0.05,0.3,77124608,24,0.0,0.0,2.061852360227834,2.061852360227834,1,1.0,1,1,0.3333333333333333,1,4,0.8,1
bracket_nearest,0.05,0.3,134561280,27,0.04237371448848548,0.13003849301699708,1.918067497688791,1.9604412121772765,0,0.0,0,1,0.3333333333333333,0,4,0.8,1
bracket_nearest,0.05,0.3,287183360,35,0.00933426380157476,0.041312479136964654,1.7527006153231082,1.762034879124683,0,0.0,0,0,0.0,0,4,0.8,0
bracket_nearest,0.05,0.4,77124608,24,0.0,0.0,2.036208664127018,2.036208664127018,1,1.0,1,1,0.3333333333333333,1,4,0.8,1
bracket_nearest,0.05,0.4,134561280,27,0.03486707239565656,0.11693898010697762,1.9002963506657145,1.935163423061371,0,0.0,0,1,0.3333333333333333,0,4,0.8,1
bracket_nearest,0.05,0.4,287183360,35,0.010507490510525797,0.0489510089923157,1.7278004993148472,1.738307989825373,0,0.0,0,0,0.0,0,3,0.6,0
bracket_nearest,0.05,0.5,77124608,24,0.0,0.0,2.0169719080717665,2.0169719080717665,1,1.0,1,1,0.3333333333333333,1,4,0.8,1
bracket_nearest,0.05,0.5,134561280,27,0.026485727890678046,0.09660335364994439,1.8854584382927937,1.9119441661834717,0,0.0,0,1,0.3333333333333333,1,4,0.8,1
bracket_nearest,0.05,0.5,287183360,35,0.04740666034947272,0.2339373193190524,1.7078543041685352,1.755260964518008,0,0.0,0,0,0.0,0,2,0.4,0
bracket_nearest,0.05,0.6,77124608,24,0.0,0.0,2.0005139566504435,2.0005139566504435,1,1.0,1,1,0.3333333333333333,1,4,0.8,1
bracket_nearest,0.05,0.6,134561280,27,0.024739271837731946,0.09695780905750513,1.8712962215361388,1.8960354933738708,0,0.0,0,1,0.3333333333333333,1,3,0.6,1
bracket_nearest,0.05,0.6,287183360,35,0.04737277435219789,0.2400230994804045,1.6918271078234135,1.7391998821756114,0,0.0,0,0,0.0,0,1,0.2,0
bracket_nearest,0.05,0.7,77124608,24,0.0,0.0,1.9884876050327136,1.9884876050327136,1,1.0,1,1,0.3333333333333333,1,4,0.8,1
bracket_nearest,0.05,0.7,134561280,27,0.024827211297076657,0.10232596881901874,1.8591603194112363,1.883987530708313,0,0.0,0,1,0.3333333333333333,0,3,0.6,0
bracket_nearest,0.05,0.7,287183360,35,0.04818661963421378,0.24985279492008403,1.6781197503131369,1.7263063699473506,0,0.0,0,0,0.0,0,1,0.2,0
bracket_nearest,0.05,0.8,77124608,24,0.0,0.0,1.978469957559005,1.978469957559005,1,1.0,1,1,0.3333333333333333,1,4,0.8,1
bracket_nearest,0.05,0.8,134561280,27,0.025176751758741345,0.10859372981131052,1.849080094669176,1.8742568464279175,0,0.0,0,1,0.3333333333333333,0,3,0.6,0
bracket_nearest,0.05,0.8,287183360,35,0.047707092409548624,0.25093283879926315,1.667962272685507,1.7156693650950556,0,0.0,0,0,0.0,0,1,0.2,0
bracket_nearest,0.05,0.9,77124608,24,0.01554890528969155,0.09222656758393272,1.9360440122977547,1.9515929175874462,0,0.0,0,1,0.3333333333333333,1,4,0.8,1
bracket_nearest,0.05,0.9,134561280,27,0.018789303313131,0.08185810572318356,1.8139769964114478,1.8327662997245788,0,0.0,0,1,0.3333333333333333,0,2,0.4,0
bracket_nearest,0.05,0.9,287183360,35,0.04895411033215735,0.28362087855868556,1.6361752475240956,1.685129357856253,0,0.0,0,0,0.0,0,1,0.2,0
bracket_nearest,0.05,1.0,77124608,24,0.01702582836151123,0.0990599833678161,1.8988457918167114,1.9158716201782227,0,0.0,0,1,0.3333333333333333,1,4,0.8,1
bracket_nearest,0.05,1.0,134561280,27,0.010948419570922852,0.047358764738702264,1.7854115962982178,1.7963600158691406,0,0.0,0,2,0.6666666666666666,0,3,0.6,0
bracket_nearest,0.05,1.0,287183360,35,0.051480650901794434,0.3304543785008111,1.6100938320159912,1.6615744829177856,0,0.0,0,0,0.0,0,1,0.2,0
bracket_nearest,0.1,0.2,77124608,24,0.006080256959666297,0.02243820835654963,2.102961665899857,2.1090419228595234,0,0.0,0,1,0.3333333333333333,1,4,0.8,1
bracket_nearest,0.1,0.2,134561280,27,0.018015286321225288,0.04401087817482912,1.9417323125963626,1.9597475989175879,0,0.0,0,3,1.0,1,4,0.8,1
bracket_nearest,0.1,0.2,287183360,35,0.0083280411803206,0.03393803611724825,1.7937163145023842,1.8020443556827048,0,0.0,0,0,0.0,0,4,0.8,1
bracket_nearest,0.1,0.3,77124608,24,0.0,0.0,2.061852360227834,2.061852360227834,1,1.0,1,1,0.3333333333333333,1,4,0.8,1
bracket_nearest,0.1,0.3,134561280,27,0.0071724283695220326,0.022011093143567806,1.918067497688791,1.925239926058313,0,0.0,0,2,0.6666666666666666,0,4,0.8,1
bracket_nearest,0.1,0.3,287183360,35,0.011522975735042351,0.05099949013326312,1.7527006153231082,1.7642235910581505,0,0.0,0,0,0.0,0,4,0.8,1
bracket_nearest,0.1,0.4,77124608,24,0.0,0.0,2.036208664127018,2.036208664127018,1,1.0,1,1,0.3333333333333333,1,4,0.8,1
bracket_nearest,0.1,0.4,134561280,27,0.004155031701792877,0.013935358954322359,1.9002963506657145,1.9044513823675073,0,0.0,0,2,0.6666666666666666,0,5,1.0,1
bracket_nearest,0.1,0.4,287183360,35,0.012027504879495332,0.05603226564149763,1.7278004993148472,1.7398280041943426,0,0.0,0,0,0.0,0,3,0.6,1
bracket_nearest,0.1,0.5,77124608,24,0.0,0.0,2.0169719080717665,2.0169719080717665,1,1.0,1,1,0.3333333333333333,1,4,0.8,1
bracket_nearest,0.1,0.5,134561280,27,0.026485727890678046,0.09660335364994439,1.8854584382927937,1.9119441661834717,0,0.0,0,2,0.6666666666666666,1,4,0.8,1
bracket_nearest,0.1,0.5,287183360,35,0.013329868047133875,0.06577880776319808,1.7078543041685352,1.721184172215669,0,0.0,0,0,0.0,0,2,0.4,1
bracket_nearest,0.1,0.6,77124608,24,0.0,0.0,2.0005139566504435,2.0005139566504435,1,1.0,1,1,0.3333333333333333,1,4,0.8,1
bracket_nearest,0.1,0.6,134561280,27,0.024739271837731946,0.09695780905750513,1.8712962215361388,1.8960354933738708,0,0.0,0,2,0.6666666666666666,1,4,0.8,1
bracket_nearest,0.1,0.6,287183360,35,0.013720252182172654,0.06951624639786534,1.6918271078234135,1.7055473600055862,0,0.0,0,0,0.0,0,2,0.4,1
bracket_nearest,0.1,0.7,77124608,24,0.0,0.0,1.9884876050327136,1.9884876050327136,1,1.0,1,1,0.3333333333333333,1,4,0.8,1
bracket_nearest,0.1,0.7,134561280,27,0.024827211297076657,0.10232596881901874,1.8591603194112363,1.883987530708313,0,0.0,0,2,0.6666666666666666,1,4,0.8,1
bracket_nearest,0.1,0.7,287183360,35,0.01557699871063245,0.0807684102736825,1.6781197503131369,1.6936967490237693,0,0.0,0,0,0.0,0,2,0.4,1
bracket_nearest,0.1,0.8,77124608,24,0.0,0.0,1.978469957559005,1.978469957559005,1,1.0,1,1,0.3333333333333333,1,4,0.8,1
bracket_nearest,0.1,0.8,134561280,27,0.025176751758741345,0.10859372981131052,1.849080094669176,1.8742568464279175,0,0.0,0,2,0.6666666666666666,1,4,0.8,1
bracket_nearest,0.1,0.8,287183360,35,0.015371851630832989,0.0808538557372648,1.667962272685507,1.68333412431634,0,0.0,0,0,0.0,0,2,0.4,1
bracket_nearest,0.1,0.9,77124608,24,0.0,0.0,1.9360440122977547,1.9360440122977547,1,1.0,1,1,0.3333333333333333,1,4,0.8,1
bracket_nearest,0.1,0.9,134561280,27,0.018789303313131,0.08185810572318356,1.8139769964114478,1.8327662997245788,0,0.0,0,2,0.6666666666666666,1,4,0.8,1
bracket_nearest,0.1,0.9,287183360,35,0.01871491361700972,0.10842685539970857,1.6361752475240956,1.6548901611411053,0,0.0,0,0,0.0,0,2,0.4,1
bracket_nearest,0.1,1.0,77124608,24,0.0,0.0,1.8988457918167114,1.8988457918167114,1,1.0,1,1,0.3333333333333333,1,4,0.8,1
bracket_nearest,0.1,1.0,134561280,27,0.010948419570922852,0.047358764738702264,1.7854115962982178,1.7963600158691406,0,0.0,0,3,1.0,1,3,0.6,1
bracket_nearest,0.1,1.0,287183360,35,0.0211564302444458,0.13580315876465368,1.6100938320159912,1.631250262260437,0,0.0,0,0,0.0,0,2,0.4,1
bracket_nearest,0.2,0.3,77124608,24,0.0,0.0,2.061852360227834,2.061852360227834,1,1.0,1,1,0.3333333333333333,1,5,1.0,1
bracket_nearest,0.2,0.3,134561280,27,0.0071724283695220326,0.022011093143567806,1.918067497688791,1.925239926058313,0,0.0,0,2,0.6666666666666666,1,4,0.8,1
bracket_nearest,0.2,0.3,287183360,35,0.011522975735042351,0.05099949013326312,1.7527006153231082,1.7642235910581505,0,0.0,0,1,0.3333333333333333,0,5,1.0,1
bracket_nearest,0.2,0.4,77124608,24,0.0,0.0,2.036208664127018,2.036208664127018,1,1.0,1,1,0.3333333333333333,1,4,0.8,1
bracket_nearest,0.2,0.4,134561280,27,0.004155031701792877,0.013935358954322359,1.9002963506657145,1.9044513823675073,0,0.0,0,2,0.6666666666666666,0,5,1.0,1
bracket_nearest,0.2,0.4,287183360,35,0.012027504879495332,0.05603226564149763,1.7278004993148472,1.7398280041943426,0,0.0,0,1,0.3333333333333333,0,4,0.8,1
bracket_nearest,0.2,0.5,77124608,24,0.0,0.0,2.0169719080717665,2.0169719080717665,1,1.0,1,1,0.3333333333333333,1,4,0.8,1
bracket_nearest,0.2,0.5,134561280,27,0.026485727890678046,0.09660335364994439,1.8854584382927937,1.9119441661834717,0,0.0,0,2,0.6666666666666666,1,5,1.0,1
bracket_nearest,0.2,0.5,287183360,35,0.013329868047133875,0.06577880776319808,1.7078543041685352,1.721184172215669,0,0.0,0,1,0.3333333333333333,0,3,0.6,1
bracket_nearest,0.2,0.6,77124608,24,0.0,0.0,2.0005139566504435,2.0005139566504435,1,1.0,1,1,0.3333333333333333,1,4,0.8,1
bracket_nearest,0.2,0.6,134561280,27,0.024739271837731946,0.09695780905750513,1.8712962215361388,1.8960354933738708,0,0.0,0,2,0.6666666666666666,1,4,0.8,1
bracket_nearest,0.2,0.6,287183360,35,0.013720252182172654,0.06951624639786534,1.6918271078234135,1.7055473600055862,0,0.0,0,1,0.3333333333333333,1,2,0.4,1
bracket_nearest,0.2,0.7,77124608,24,0.0,0.0,1.9884876050327136,1.9884876050327136,1,1.0,1,1,0.3333333333333333,1,4,0.8,1
bracket_nearest,0.2,0.7,134561280,27,0.024827211297076657,0.10232596881901874,1.8591603194112363,1.883987530708313,0,0.0,0,2,0.6666666666666666,1,4,0.8,1
bracket_nearest,0.2,0.7,287183360,35,0.01557699871063245,0.0807684102736825,1.6781197503131369,1.6936967490237693,0,0.0,0,1,0.3333333333333333,1,2,0.4,1
bracket_nearest,0.2,0.8,77124608,24,0.0,0.0,1.978469957559005,1.978469957559005,1,1.0,1,1,0.3333333333333333,1,4,0.8,1
bracket_nearest,0.2,0.8,134561280,27,0.025176751758741345,0.10859372981131052,1.849080094669176,1.8742568464279175,0,0.0,0,2,0.6666666666666666,1,4,0.8,1
bracket_nearest,0.2,0.8,287183360,35,0.015371851630832989,0.0808538557372648,1.667962272685507,1.68333412431634,0,0.0,0,1,0.3333333333333333,1,2,0.4,1
bracket_nearest,0.2,0.9,77124608,24,0.0,0.0,1.9360440122977547,1.9360440122977547,1,1.0,1,1,0.3333333333333333,1,4,0.8,1
bracket_nearest,0.2,0.9,134561280,27,0.018789303313131,0.08185810572318356,1.8139769964114478,1.8327662997245788,0,0.0,0,2,0.6666666666666666,1,4,0.8,1
bracket_nearest,0.2,0.9,287183360,35,0.01871491361700972,0.10842685539970857,1.6361752475240956,1.6548901611411053,0,0.0,0,1,0.3333333333333333,1,2,0.4,1
bracket_nearest,0.2,1.0,77124608,24,0.0,0.0,1.8988457918167114,1.8988457918167114,1,1.0,1,2,0.6666666666666666,1,4,0.8,1
bracket_nearest,0.2,1.0,134561280,27,0.010948419570922852,0.047358764738702264,1.7854115962982178,1.7963600158691406,0,0.0,0,3,1.0,1,3,0.6,1
bracket_nearest,0.2,1.0,287183360,35,0.0211564302444458,0.13580315876465368,1.6100938320159912,1.631250262260437,0,0.0,0,1,0.3333333333333333,1,2,0.4,1
bracket_nearest,0.5,0.6,77124608,24,0.0,0.0,2.0005139566504435,2.0005139566504435,1,1.0,1,2,0.6666666666666666,1,5,1.0,1
bracket_nearest,0.5,0.6,134561280,27,0.024739271837731946,0.09695780905750513,1.8712962215361388,1.8960354933738708,0,0.0,0,2,0.6666666666666666,1,4,0.8,1
bracket_nearest,0.5,0.6,287183360,35,0.013720252182172654,0.06951624639786534,1.6918271078234135,1.7055473600055862,0,0.0,0,1,0.3333333333333333,1,3,0.6,1
bracket_nearest,0.5,0.7,77124608,24,0.0,0.0,1.9884876050327136,1.9884876050327136,1,1.0,1,2,0.6666666666666666,1,5,1.0,1
bracket_nearest,0.5,0.7,134561280,27,0.024827211297076657,0.10232596881901874,1.8591603194112363,1.883987530708313,0,0.0,0,2,0.6666666666666666,1,4,0.8,1
bracket_nearest,0.5,0.7,287183360,35,0.01557699871063245,0.0807684102736825,1.6781197503131369,1.6936967490237693,0,0.0,0,1,0.3333333333333333,1,2,0.4,1
bracket_nearest,0.5,0.8,77124608,24,0.0,0.0,1.978469957559005,1.978469957559005,1,1.0,1,2,0.6666666666666666,1,5,1.0,1
bracket_nearest,0.5,0.8,134561280,27,0.025176751758741345,0.10859372981131052,1.849080094669176,1.8742568464279175,0,0.0,0,2,0.6666666666666666,1,3,0.6,1
bracket_nearest,0.5,0.8,287183360,35,0.015371851630832989,0.0808538557372648,1.667962272685507,1.68333412431634,0,0.0,0,1,0.3333333333333333,1,2,0.4,1
bracket_nearest,0.5,0.9,77124608,24,0.0,0.0,1.9360440122977547,1.9360440122977547,1,1.0,1,2,0.6666666666666666,1,5,1.0,1
bracket_nearest,0.5,0.9,134561280,27,0.018789303313131,0.08185810572318356,1.8139769964114478,1.8327662997245788,0,0.0,0,1,0.3333333333333333,0,4,0.8,1
bracket_nearest,0.5,0.9,287183360,35,0.023161130428314136,0.13418648844641914,1.6361752475240956,1.6593363779524097,0,0.0,0,1,0.3333333333333333,1,2,0.4,1
bracket_nearest,0.5,1.0,77124608,24,0.0,0.0,1.8988457918167114,1.8988457918167114,1,1.0,1,2,0.6666666666666666,1,4,0.8,1
bracket_nearest,0.5,1.0,134561280,27,0.010948419570922852,0.047358764738702264,1.7854115962982178,1.7963600158691406,0,0.0,0,2,0.6666666666666666,0,3,0.6,0
bracket_nearest,0.5,1.0,287183360,35,0.02446925640106201,0.15706819503535246,1.6100938320159912,1.6345630884170532,0,0.0,0,1,0.3333333333333333,1,2,0.4,1
