variant_group,t_group,context,obs_folder,mean_relerr
t134,t134,32270848,0,24.166666666666668
t134,t134,32270848,20,4.537037037037037
t134,t134,32270848,50,3.1555555555555554
t134,t134,32270848,90,0.7037037037037037
t134,t134,77124608,0,5.15925925925926
t134,t134,77124608,20,3.214814814814815
t134,t134,77124608,50,2.1185185185185187
t134,t134,77124608,90,0.5037037037037037
t134_changedorder,t134,32270848,0,38.58148148148148
t134_changedorder,t134,32270848,20,4.851851851851852
t134_changedorder,t134,32270848,50,3.2888888888888888
t134_changedorder,t134,32270848,90,0.9962962962962962
t134_changedorder,t134,77124608,0,5.9185185185185185
t134_changedorder,t134,77124608,20,3.8703703703703702
t134_changedorder,t134,77124608,50,2.3666666666666667
t134_changedorder,t134,77124608,90,0.7555555555555555
t134_changedorder2,t134,32270848,0,25.62222222222222
t134_changedorder2,t134,32270848,20,5.237037037037037
t134_changedorder2,t134,32270848,50,3.285185185185185
t134_changedorder2,t134,32270848,90,0.8814814814814815
t134_changedorder2,t134,77124608,0,4.874074074074074
t134_changedorder2,t134,77124608,20,3.588888888888889
t134_changedorder2,t134,77124608,50,2.3703703703703702
t134_changedorder2,t134,77124608,90,0.6296296296296297
t134_hpas0,t134,32270848,0,18.377777777777776
t134_hpas0,t134,32270848,20,17.562962962962963
t134_hpas0,t134,32270848,50,16.714814814814815
t134_hpas0,t134,32270848,90,13.981481481481481
t134_hpas0,t134,77124608,0,6.007407407407407
t134_hpas0,t134,77124608,20,6.048148148148148
t134_hpas0,t134,77124608,50,6.2
t134_hpas0,t134,77124608,90,5.977777777777778
t134_ohneemb,t134,32270848,0,18.562962962962963
t134_ohneemb,t134,32270848,20,21.1
t134_ohneemb,t134,32270848,50,17.685185185185187
t134_ohneemb,t134,32270848,90,11.596296296296297
t134_ohneemb,t134,77124608,0,6.1
t134_ohneemb,t134,77124608,20,7.762962962962963
t134_ohneemb,t134,77124608,50,7.770370370370371
t134_ohneemb,t134,77124608,90,5.877777777777778
t134_onlyemb,t134,32270848,0,188.24074074074073
t134_onlyemb,t134,32270848,20,6.214814814814815
t134_onlyemb,t134,32270848,50,3.5296296296296297
t134_onlyemb,t134,32270848,90,0.2851851851851852
t134_onlyemb,t134,77124608,0,162.15925925925927
t134_onlyemb,t134,77124608,20,5.607407407407408
t134_onlyemb,t134,77124608,50,2.9222222222222225
t134_onlyemb,t134,77124608,90,0.48518518518518516
t134_withbase,t134,32270848,0,38.51851851851852
t134_withbase,t134,32270848,20,4.940740740740741
t134_withbase,t134,32270848,50,2.988888888888889
t134_withbase,t134,32270848,90,0.8481481481481481
t134_withbase,t134,77124608,0,5.514814814814815
t134_withbase,t134,77124608,20,4.814814814814815
t134_withbase,t134,77124608,50,2.725925925925926
t134_withbase,t134,77124608,90,1.114814814814815
t287,t287,32270848,0,71.63428571428571
t287,t287,32270848,20,6.1085714285714285
t287,t287,32270848,50,4.331428571428571
t287,t287,32270848,90,0.84
t287,t287,77124608,0,36.21142857142858
t287,t287,77124608,20,6.065714285714286
t287,t287,77124608,50,4.1971428571428575
t287,t287,77124608,90,0.7971428571428572
t287,t287,134561280,0,17.497142857142858
t287,t287,134561280,20,6.2057142857142855
t287,t287,134561280,50,4.174285714285714
t287,t287,134561280,90,0.7942857142857143
t287_changedorder,t287,32270848,0,81.38571428571429
t287_changedorder,t287,32270848,20,6.185714285714286
t287_changedorder,t287,32270848,50,4.4314285714285715
t287_changedorder,t287,32270848,90,1.1285714285714286
t287_changedorder,t287,77124608,0,48.85142857142857
t287_changedorder,t287,77124608,20,6.3742857142857146
t287_changedorder,t287,77124608,50,4.362857142857142
t287_changedorder,t287,77124608,90,1.2057142857142857
t287_changedorder,t287,134561280,0,24.134285714285717
t287_changedorder,t287,134561280,20,6.3428571428571425
t287_changedorder,t287,134561280,50,4.337142857142857
t287_changedorder,t287,134561280,90,1.1257142857142857
t287_changedorder2,t287,32270848,0,65.11999999999999
t287_changedorder2,t287,32270848,20,6.594285714285714
t287_changedorder2,t287,32270848,50,4.5771428571428565
t287_changedorder2,t287,32270848,90,1.2142857142857142
t287_changedorder2,t287,77124608,0,30.93142857142857
t287_changedorder2,t287,77124608,20,6.317142857142857
t287_changedorder2,t287,77124608,50,4.314285714285714
t287_changedorder2,t287,77124608,90,1.0942857142857143
t287_changedorder2,t287,134561280,0,18.58
t287_changedorder2,t287,134561280,20,6.637142857142858
t287_changedorder2,t287,134561280,50,4.3028571428571425
t287_changedorder2,t287,134561280,90,1.0514285714285714
t287_hpas0,t287,32270848,0,30.759999999999998
t287_hpas0,t287,32270848,20,28.942857142857143
t287_hpas0,t287,32270848,50,22.67142857142857
t287_hpas0,t287,32270848,90,17.531428571428574
t287_hpas0,t287,77124608,0,16.81714285714286
t287_hpas0,t287,77124608,20,16.691428571428574
t287_hpas0,t287,77124608,50,16.46
t287_hpas0,t287,77124608,90,14.362857142857143
t287_hpas0,t287,134561280,0,11.322857142857144
t287_hpas0,t287,134561280,20,11.425714285714285
t287_hpas0,t287,134561280,50,11.602857142857143
t287_hpas0,t287,134561280,90,11.057142857142857
t287_ohneemb,t287,32270848,0,30.74857142857143
t287_ohneemb,t287,32270848,20,33.291428571428575
t287_ohneemb,t287,32270848,50,25.714285714285715
t287_ohneemb,t287,32270848,90,16.62
t287_ohneemb,t287,77124608,0,16.957142857142856
t287_ohneemb,t287,77124608,20,19.92
t287_ohneemb,t287,77124608,50,17.942857142857143
t287_ohneemb,t287,77124608,90,14.497142857142856
t287_ohneemb,t287,134561280,0,11.34
t287_ohneemb,t287,134561280,20,12.18
t287_ohneemb,t287,134561280,50,11.30857142857143
t287_ohneemb,t287,134561280,90,8.962857142857143
t287_onlyemb,t287,32270848,0,235.87714285714287
t287_onlyemb,t287,32270848,20,8.168571428571427
t287_onlyemb,t287,32270848,50,4.582857142857143
t287_onlyemb,t287,32270848,90,0.6285714285714286
t287_onlyemb,t287,77124608,0,211.48857142857145
t287_onlyemb,t287,77124608,20,8.291428571428572
t287_onlyemb,t287,77124608,50,4.557142857142857
t287_onlyemb,t287,77124608,90,0.6628571428571428
t287_onlyemb,t287,134561280,0,184.06285714285713
t287_onlyemb,t287,134561280,20,8.274285714285716
t287_onlyemb,t287,134561280,50,4.497142857142857
t287_onlyemb,t287,134561280,90,0.5885714285714286
t287_withbase,t287,32270848,0,70.2
t287_withbase,t287,32270848,20,6.3914285714285715
t287_withbase,t287,32270848,50,4.151428571428572
t287_withbase,t287,32270848,90,0.8114285714285714
t287_withbase,t287,77124608,0,27.025714285714287
t287_withbase,t287,77124608,20,7.5
t287_withbase,t287,77124608,50,4.602857142857142
t287_withbase,t287,77124608,90,1.6485714285714286
t287_withbase,t287,134561280,0,13.005714285714285
t287_withbase,t287,134561280,20,6.965714285714286
t287_withbase,t287,134561280,50,4.271428571428571
t287_withbase,t287,134561280,90,1.36
t610,t610,32270848,0,101.55
t610,t610,32270848,20,10.15
t610,t610,32270848,50,6.3125
t610,t610,32270848,90,0.7875
t610,t610,77124608,0,90.9125
t610,t610,77124608,20,9.8625
t610,t610,77124608,50,6.1875
t610,t610,77124608,90,0.6875
t610,t610,134561280,0,81.85
t610,t610,134561280,20,8.6625
t610,t610,134561280,50,6.262499999999999
t610,t610,134561280,90,0.6125
t610,t610,287183360,0,11.875
t610,t610,287183360,20,5.525
t610,t610,287183360,50,4.925
t610,t610,287183360,90,0.6625
t610_changedorder,t610,32270848,0,101.425
t610_changedorder,t610,32270848,20,9.3125
t610_changedorder,t610,32270848,50,6.55
t610_changedorder,t610,32270848,90,0.95
t610_changedorder,t610,77124608,0,94.6125
t610_changedorder,t610,77124608,20,9.625
t610_changedorder,t610,77124608,50,6.475
t610_changedorder,t610,77124608,90,0.8375
t610_changedorder,t610,134561280,0,100.6875
t610_changedorder,t610,134561280,20,8.375
t610_changedorder,t610,134561280,50,6.4125000000000005
t610_changedorder,t610,134561280,90,0.7625
t610_changedorder,t610,287183360,0,21.075
t610_changedorder,t610,287183360,20,5.9875
t610_changedorder,t610,287183360,50,5.137499999999999
t610_changedorder,t610,287183360,90,0.3875
t610_changedorder2,t610,32270848,0,91.1375
t610_changedorder2,t610,32270848,20,10.575000000000001
t610_changedorder2,t610,32270848,50,6.825
t610_changedorder2,t610,32270848,90,1.2625
t610_changedorder2,t610,77124608,0,64.5
t610_changedorder2,t610,77124608,20,9.8625
t610_changedorder2,t610,77124608,50,6.475
t610_changedorder2,t610,77124608,90,0.975
t610_changedorder2,t610,134561280,0,54.9
t610_changedorder2,t610,134561280,20,8.7625
t610_changedorder2,t610,134561280,50,6.5875
t610_changedorder2,t610,134561280,90,0.9
t610_changedorder2,t610,287183360,0,13.15
t610_changedorder2,t610,287183360,20,5.6375
t610_changedorder2,t610,287183360,50,5.15
t610_changedorder2,t610,287183360,90,0.525
t610_hpas0,t610,32270848,0,32.625
t610_hpas0,t610,32270848,20,31.375
t610_hpas0,t610,32270848,50,27.05
t610_hpas0,t610,32270848,90,18.5
t610_hpas0,t610,77124608,0,18.4875
t610_hpas0,t610,77124608,20,18.5125
t610_hpas0,t610,77124608,50,18.45
t610_hpas0,t610,77124608,90,15.8375
t610_hpas0,t610,134561280,0,12.9125
t610_hpas0,t610,134561280,20,12.9625
t610_hpas0,t610,134561280,50,13.1
t610_hpas0,t610,134561280,90,12.5125
t610_hpas0,t610,287183360,0,3.4875
t610_hpas0,t610,287183360,20,3.5125
t610_hpas0,t610,287183360,50,3.4875
t610_hpas0,t610,287183360,90,3.4625000000000004
t610_ohneemb,t610,32270848,0,33.7
t610_ohneemb,t610,32270848,20,36.025
t610_ohneemb,t610,32270848,50,30.075
t610_ohneemb,t610,32270848,90,18.6
t610_ohneemb,t610,77124608,0,19.7875
t610_ohneemb,t610,77124608,20,22.15
t610_ohneemb,t610,77124608,50,20.95
t610_ohneemb,t610,77124608,90,16.6875
t610_ohneemb,t610,134561280,0,14.4
t610_ohneemb,t610,134561280,20,15.3375
t610_ohneemb,t610,134561280,50,14.9625
t610_ohneemb,t610,134561280,90,12.1625
t610_ohneemb,t610,287183360,0,2.6875
t610_ohneemb,t610,287183360,20,3.225
t610_ohneemb,t610,287183360,50,2.7375
t610_ohneemb,t610,287183360,90,2.525
t610_onlyemb,t610,32270848,0,246.725
t610_onlyemb,t610,32270848,20,13.625
t610_onlyemb,t610,32270848,50,7.1125
t610_onlyemb,t610,32270848,90,0.725
t610_onlyemb,t610,77124608,0,213.675
t610_onlyemb,t610,77124608,20,13.725000000000001
t610_onlyemb,t610,77124608,50,7.1625
t610_onlyemb,t610,77124608,90,0.8374999999999999
t610_onlyemb,t610,134561280,0,188.875
t610_onlyemb,t610,134561280,20,13.4875
t610_onlyemb,t610,134561280,50,7.125
t610_onlyemb,t610,134561280,90,0.8375
t610_onlyemb,t610,287183360,0,160.9125
t610_onlyemb,t610,287183360,20,12.1125
t610_onlyemb,t610,287183360,50,6.675
t610_onlyemb,t610,287183360,90,0.7625
t610_withbase,t610,32270848,0,90.9
t610_withbase,t610,32270848,20,10.4125
t610_withbase,t610,32270848,50,6.237500000000001
t610_withbase,t610,32270848,90,0.625
t610_withbase,t610,77124608,0,56.9125
t610_withbase,t610,77124608,20,11.6
t610_withbase,t610,77124608,50,6.75
t610_withbase,t610,77124608,90,1.1624999999999999
t610_withbase,t610,134561280,0,41.475
t610_withbase,t610,134561280,20,10.5625
t610_withbase,t610,134561280,50,6.5625
t610_withbase,t610,134561280,90,0.8375
t610_withbase,t610,287183360,0,8.5125
t610_withbase,t610,287183360,20,5.574999999999999
t610_withbase,t610,287183360,50,4.7125
t610_withbase,t610,287183360,90,0.725
